iteration,loss_best,loss_median,loss_mean,loss_worst
1,0.0007054955931380391,0.020020894706249237,0.021740678697824478,0.048633914440870285
2,0.0005990950739942491,0.017784256488084793,0.019777175039052963,0.04774872213602066
3,0.0005156706320121884,0.015856251120567322,0.018160026520490646,0.04759564250707626
4,0.000356032483978197,0.01481538824737072,0.0168614462018013,0.047387540340423584
5,0.00035510328598320484,0.013701219111680984,0.015863779932260513,0.047154754400253296
6,0.000409105938160792,0.013328785076737404,0.015072467736899853,0.04692364111542702
7,0.00047657903633080423,0.012368528172373772,0.014426249079406261,0.04669468104839325
8,0.00019902871281374246,0.011567272245883942,0.01387898251414299,0.04646854102611542
9,4.7182311391225085e-05,0.010877585038542747,0.01342550478875637,0.046245791018009186
10,0.00017808853590395302,0.010787573643028736,0.013055233284831047,0.04602697491645813
11,0.00010764341277536005,0.010604006238281727,0.012735361233353615,0.04581258445978165
12,5.665878052241169e-05,0.010015267878770828,0.012430245988070965,0.045579541474580765
13,6.437530100811273e-05,0.009574326686561108,0.012120505794882774,0.04533601552248001
14,5.360482100513764e-05,0.009170491248369217,0.011811713688075542,0.04509551078081131
15,4.4276992412051186e-05,0.009009064175188541,0.011506441049277782,0.044858597218990326
16,5.3061496146256104e-05,0.008793376386165619,0.011217483319342136,0.04462580382823944
17,7.329616346396506e-05,0.008369749411940575,0.010956482961773872,0.04439748078584671
18,9.64586142799817e-05,0.00804232433438301,0.010718788020312786,0.044227126985788345
19,0.00011564488522708416,0.007651518564671278,0.010501506738364697,0.044159308075904846
20,0.0001296641567023471,0.00732150673866272,0.01029394380748272,0.04411553591489792
21,0.0001406750816386193,0.007236372213810682,0.010086718015372753,0.04407608509063721
22,0.00015018983685877174,0.007009363733232021,0.0098772794008255,0.04403994604945183
23,0.00015692811575718224,0.0069226534105837345,0.009671305306255817,0.044006336480379105
24,0.00015091244131326675,0.006779891904443502,0.009471982717514038,0.04397448152303696
25,9.369912731926888e-05,0.006673028226941824,0.009285780601203442,0.043943844735622406
26,9.910247172228992e-05,0.006652935408055782,0.009112670086324215,0.043913863599300385
27,8.931021147873253e-05,0.006433658301830292,0.008952894248068333,0.04388424754142761
28,8.518884715158492e-05,0.006327006034553051,0.008803818374872208,0.043854713439941406
29,8.839099609758705e-05,0.006276396103203297,0.00866156816482544,0.04382501542568207
30,7.19528179615736e-05,0.0062066130340099335,0.008525911718606949,0.043795131146907806
31,6.516509893117473e-05,0.006021292880177498,0.00839421059936285,0.04376491159200668
32,6.116341683082283e-05,0.005834425799548626,0.008263939060270786,0.04373442381620407
33,5.243985651759431e-05,0.005723495036363602,0.008136950433254242,0.04370373487472534
34,4.73180552944541e-05,0.0055876439437270164,0.008019746281206608,0.04367288947105408
35,4.550806988845579e-05,0.005524842068552971,0.007908863946795464,0.04364197701215744
36,4.590024400386028e-05,0.005439841188490391,0.007799753453582525,0.0436110757291317
37,4.739094583783299e-05,0.005361557938158512,0.007696503773331642,0.04358045011758804
38,4.9529764510225505e-05,0.005229105241596699,0.007599214557558298,0.04355008155107498
39,5.2325653086882085e-05,0.005194877739995718,0.007503057364374399,0.04352012276649475
40,5.5419692216673866e-05,0.0051163495518267155,0.007409736514091492,0.04349076747894287
41,5.887274528504349e-05,0.005060557276010513,0.007318232674151659,0.04346207529306412
42,6.0372774896677583e-05,0.005044563207775354,0.007230193819850683,0.04343411326408386
43,6.025164475431666e-05,0.0049936482682824135,0.00714569166302681,0.04340701550245285
44,5.938462709309533e-05,0.004895211663097143,0.007065289653837681,0.04338085651397705
45,5.8447047194931656e-05,0.004807586781680584,0.006988726556301117,0.043355606496334076
46,5.725828305003233e-05,0.004762706346809864,0.006915403064340353,0.04333147034049034
47,5.5276414059335366e-05,0.00468402449041605,0.006842717994004488,0.0433083102107048
48,5.243978012003936e-05,0.004597928375005722,0.006770839914679527,0.043286219239234924
49,4.970945883542299e-05,0.00455337343737483,0.006699569057673216,0.04326514154672623
50,4.794265623786487e-05,0.004525486379861832,0.006631497759371996,0.043245162814855576
51,4.6895627747289836e-05,0.004475530236959457,0.006565710064023733,0.043226197361946106
52,4.596137296175584e-05,0.004456702619791031,0.006499648094177246,0.04320816695690155
53,4.50246297987178e-05,0.004445929545909166,0.006433253642171621,0.043191175907850266
54,4.4524771510623395e-05,0.004413146525621414,0.006365467794239521,0.043175049126148224
55,4.4780419557355344e-05,0.00438834261149168,0.006298458203673363,0.0431598462164402
56,4.551782694761641e-05,0.00432874821126461,0.00623321533203125,0.043145421892404556
57,4.6164805098669603e-05,0.004327219910919666,0.006169592961668968,0.04313177615404129
58,4.647035166271962e-05,0.00433546956628561,0.006107610650360584,0.04311886057257652
59,4.6636956540169194e-05,0.00432359054684639,0.006047629285603762,0.04311813786625862
60,4.6893001126591116e-05,0.004297143314033747,0.005985476076602936,0.043113596737384796
61,4.713495582109317e-05,0.004208049736917019,0.0059250397607684135,0.04310455918312073
62,4.7084227844607085e-05,0.004159393720328808,0.0058695124462246895,0.043091386556625366
63,4.667692701332271e-05,0.004062662832438946,0.005819112993776798,0.043074578046798706
64,4.614624413079582e-05,0.004041970707476139,0.005772300995886326,0.043058350682258606
65,4.572728357743472e-05,0.004030385985970497,0.005726431030780077,0.04305049404501915
66,4.5416451030177996e-05,0.004029971547424793,0.005681329406797886,0.04304280877113342
67,4.50789048045408e-05,0.0040021296590566635,0.005637915339320898,0.04303525760769844
68,4.4699922000290826e-05,0.003969258163124323,0.005597647745162249,0.04302779957652092
69,4.4424199586501345e-05,0.003948093391954899,0.00555833475664258,0.043020375072956085
70,4.435365190147422e-05,0.003949107136577368,0.00551943713799119,0.04301300272345543
71,4.44168399553746e-05,0.0037799086421728134,0.005483585875481367,0.04300563409924507
72,4.447935498319566e-05,0.00368365622125566,0.005451893899589777,0.042998306453228
73,4.4509524741442874e-05,0.0036416947841644287,0.005421441514045,0.04299101606011391
74,4.456977330846712e-05,0.0036332784220576286,0.005393292289227247,0.042983777821063995
75,4.468255065148696e-05,0.003625693265348673,0.005367930047214031,0.04297654330730438
76,4.47750608145725e-05,0.003618536051362753,0.005344323348253965,0.04296937957406044
77,4.477679976844229e-05,0.003583326004445553,0.00532177509739995,0.042962297797203064
78,4.4707518100040033e-05,0.0035550931934267282,0.005300294607877731,0.04295530915260315
79,4.4632626668317243e-05,0.0035224417224526405,0.005277335178107023,0.04294843226671219
80,4.45706355094444e-05,0.003520519006997347,0.005254492163658142,0.04294164478778839
81,4.448801701073535e-05,0.0035184361040592194,0.005230560898780823,0.04293504357337952
82,4.437286770553328e-05,0.0035136789083480835,0.0052052829414606094,0.04292856156826019
83,4.426473242347129e-05,0.0034776777029037476,0.005180735606700182,0.04292220622301102
84,4.420213008415885e-05,0.0034681218676269054,0.0051556737162172794,0.04291600361466408
85,4.4137304939795285e-05,0.0033924635499715805,0.00512940576300025,0.042914822697639465
86,4.409051325637847e-05,0.0032901361119002104,0.005104518961161375,0.042909394949674606
87,4.403128696139902e-05,0.0032252646051347256,0.005079424008727074,0.04290005564689636
88,4.389279638417065e-05,0.0031926205847412348,0.005053932778537273,0.04289543628692627
89,4.3711672333301976e-05,0.0031481082551181316,0.005029500927776098,0.042890846729278564
90,4.357807483756915e-05,0.0031118723563849926,0.005005804821848869,0.04288624972105026
91,4.3571573769440874e-05,0.003110206685960293,0.004980937577784061,0.042881645262241364
92,4.370584792923182e-05,0.0031074387952685356,0.004956425633281469,0.042877040803432465
93,4.39271389041096e-05,0.0030285418033599854,0.004932429641485214,0.042872413992881775
94,4.412568159750663e-05,0.0029678726568818092,0.004910199902951717,0.04286781698465347
95,4.4097152567701414e-05,0.0029323333874344826,0.0048895590007305145,0.042863231152296066
96,4.405863364809193e-05,0.0029220920987427235,0.004870329983532429,0.042858660221099854
97,4.4023359805578366e-05,0.0029184669256210327,0.004851502366364002,0.04285413771867752
98,4.399746467242949e-05,0.002914613112807274,0.004833772778511047,0.04284965991973877
99,4.3974901927867904e-05,0.0029105425346642733,0.004816336557269096,0.04284762591123581
100,4.395142605062574e-05,0.0029064088594168425,0.004799658432602882,0.042841531336307526
101,4.3932344851782545e-05,0.002832246944308281,0.004782231990247965,0.042837802320718765
102,4.3922162149101496e-05,0.0028214575722813606,0.004767109639942646,0.0428340807557106
103,4.3882897443836555e-05,0.0028419476002454758,0.004752688575536013,0.042830295860767365
104,4.3770203774329275e-05,0.0027994029223918915,0.004736708477139473,0.042826540768146515
105,4.3642387026920915e-05,0.002715371549129486,0.004720998462289572,0.042822808027267456
106,4.352917676442303e-05,0.0026064524427056313,0.004704124294221401,0.04282044619321823
107,4.3452026147861034e-05,0.0025380034931004047,0.0046866280026733875,0.04281602054834366
108,4.34128669439815e-05,0.002517098095268011,0.004669984802603722,0.042812950909137726
109,4.339846782386303e-05,0.0024984809570014477,0.004656987264752388,0.04280979931354523
110,4.338972576078959e-05,0.0024817753583192825,0.00464332289993763,0.04280661791563034
111,4.3375021050451323e-05,0.0024664762895554304,0.004629992879927158,0.042803388088941574
112,4.3353327782824636e-05,0.0024520130828022957,0.004618165083229542,0.04280012845993042
113,4.333324613980949e-05,0.002437850460410118,0.004606345668435097,0.042796872556209564
114,4.332562821218744e-05,0.002357838675379753,0.004595059901475906,0.04279355704784393
115,4.3333438952686265e-05,0.00223212456330657,0.004584347829222679,0.0427902489900589
116,4.33518216595985e-05,0.002187238773331046,0.0045738862827420235,0.04278711602091789
117,4.337117206887342e-05,0.0021608048118650913,0.004564941395074129,0.04278436303138733
118,4.338180224294774e-05,0.0021292907185852528,0.00455583818256855,0.042781762778759
119,4.338106737122871e-05,0.002090736757963896,0.004546726122498512,0.042779095470905304
120,4.337197606218979e-05,0.002073438372462988,0.004536201246082783,0.04277633875608444
121,4.336050187703222e-05,0.002093118615448475,0.0045237247832119465,0.04277355223894119
122,4.335145786171779e-05,0.0021138074807822704,0.0045109898783266544,0.04277073219418526
123,4.334600089350715e-05,0.002094627358019352,0.004499198403209448,0.04276784509420395
124,4.334104232839309e-05,0.002058052457869053,0.00448708888143301,0.04276501387357712
125,4.333321703597903e-05,0.002005106769502163,0.004474630579352379,0.04276353120803833
126,4.33208369940985e-05,0.0019410111708566546,0.004463507793843746,0.04275999218225479
127,4.330543379182927e-05,0.0018729516305029392,0.0044511170126497746,0.04275776445865631
128,4.328966315370053e-05,0.0018467027693986893,0.004438708070665598,0.04275549203157425
129,4.32767701568082e-05,0.0018116894643753767,0.004426800180226564,0.04275316372513771
130,4.326824637246318e-05,0.0017274171113967896,0.004414424300193787,0.04275074601173401
131,4.326308044255711e-05,0.0017173904925584793,0.004402670543640852,0.042748309671878815
132,4.3258762161713094e-05,0.0016903688665479422,0.004387444816529751,0.04274580255150795
133,4.3254120100755244e-05,0.001659735688008368,0.0043706209398806095,0.0427432507276535
134,4.324838300817646e-05,0.0016401561442762613,0.004355000331997871,0.04274211823940277
135,4.324314068071544e-05,0.0016326033510267735,0.004346189089119434,0.042738910764455795
136,4.323908797232434e-05,0.0016229217872023582,0.004341999068856239,0.04273705929517746
137,4.323667963035405e-05,0.0015968842199072242,0.004339037928730249,0.04273510351777077
138,4.323558459873311e-05,0.0015697542112320662,0.004331262782216072,0.04273303225636482
139,4.323456232668832e-05,0.0015493063256144524,0.004320172592997551,0.04273097217082977
140,4.3232215830357745e-05,0.0015323581174015999,0.004308695439249277,0.042728766798973083
141,4.322834138292819e-05,0.0015102033503353596,0.004297360312193632,0.0427265539765358
142,4.322419408708811e-05,0.00148261827416718,0.004288106691092253,0.04272429272532463
143,4.321991582401097e-05,0.0014560290146619081,0.004280888941138983,0.04272301122546196
144,4.321579399402253e-05,0.001438973587937653,0.004274355713278055,0.04272051155567169
145,4.321213054936379e-05,0.0014229447115212679,0.004267929587513208,0.04271889477968216
146,4.320819061831571e-05,0.0014059417881071568,0.004259636625647545,0.042717210948467255
147,4.320382868172601e-05,0.0013927770778536797,0.004249847028404474,0.0427154116332531
148,4.320805601309985e-05,0.001339796232059598,0.004239653702825308,0.04271357133984566
149,4.32115703006275e-05,0.001333616441115737,0.004229008685797453,0.04271161928772926
150,4.320625521359034e-05,0.0013279730919748545,0.004217134322971106,0.04270961135625839
151,4.321559754316695e-05,0.0013226625742390752,0.0042064911685884,0.04270760715007782
152,4.321629603509791e-05,0.0013173618353903294,0.004194047302007675,0.042706262320280075
153,4.321612505009398e-05,0.0013127942802384496,0.004181121475994587,0.04270423948764801
154,4.3214742618147284e-05,0.0013085834216326475,0.004168436862528324,0.04270290210843086
155,4.321241067373194e-05,0.0013024684740230441,0.004154892172664404,0.04270140826702118
156,4.3209587602177635e-05,0.001303133089095354,0.004143307451158762,0.04269983619451523
157,4.3206222471781075e-05,0.0013011782430112362,0.004133016336709261,0.04269818216562271
158,4.320345396990888e-05,0.001299927243962884,0.0041237324476242065,0.04269641637802124
159,4.320750667829998e-05,0.0012986579677090049,0.004113363102078438,0.042694613337516785
160,4.321065716794692e-05,0.0012984886998310685,0.004103198181837797,0.04269276559352875
161,4.3212363380007446e-05,0.0012972091790288687,0.004091903567314148,0.042691685259342194
162,4.321268352214247e-05,0.0012969453819096088,0.004081921186298132,0.042689792811870575
163,4.321152300690301e-05,0.0012970338575541973,0.00407269736751914,0.04268859326839447
164,4.320981679484248e-05,0.0012967237271368504,0.004064630717039108,0.04268733412027359
165,4.3206684495089576e-05,0.001296473783440888,0.004057593643665314,0.04268592223525047
166,4.3203333916608244e-05,0.001296428730711341,0.004052622243762016,0.04268445074558258
167,4.320468724472448e-05,0.0012963914778083563,0.004047328140586615,0.042682893574237823
168,4.3206910049775615e-05,0.001296312315389514,0.0040419683791697025,0.04268121346831322
169,4.320533844293095e-05,0.0012962411856278777,0.004035981837660074,0.04267951101064682
170,4.3204559915466234e-05,0.0012961621396243572,0.004030142445117235,0.0426788404583931
171,4.320802690926939e-05,0.001296080183237791,0.004024363588541746,0.042676880955696106
172,4.320635343901813e-05,0.0012960066087543964,0.0040188562124967575,0.04267586022615433
173,4.320396692492068e-05,0.0012958362931385636,0.004014127422124147,0.042674720287323
174,4.3202508095419034e-05,0.0012958161532878876,0.004009966738522053,0.04267347604036331
175,4.3203781388001516e-05,0.001295794965699315,0.004005595110356808,0.042672157287597656
176,4.3204821849940345e-05,0.001295773545280099,0.003999846056103706,0.04267071187496185
177,4.320478910813108e-05,0.0012957536382600665,0.003994391765445471,0.042669206857681274
178,4.320395237300545e-05,0.0012957197614014149,0.003989406395703554,0.042667657136917114
179,4.320263906265609e-05,0.0012956769205629826,0.003983801696449518,0.04266742616891861
180,4.320292282500304e-05,0.0012956347782164812,0.003978407010436058,0.042665280401706696
181,4.3204145185882226e-05,0.0012955928687006235,0.003973660059273243,0.04266441613435745
182,4.320377775002271e-05,0.0012955502606928349,0.003968465141952038,0.04266341030597687
183,4.320276639191434e-05,0.001295507070608437,0.003963094670325518,0.04266233742237091
184,4.320307562011294e-05,0.0012954644626006484,0.003958390560001135,0.04266113415360451
185,4.320261723478325e-05,0.001295421039685607,0.003953772597014904,0.042659830302000046
186,4.320394145906903e-05,0.0012953772675246,0.003949584439396858,0.042658429592847824
187,4.320293737691827e-05,0.001294912537559867,0.003945276141166687,0.042656999081373215
188,4.320196239859797e-05,0.0012947083450853825,0.003941304516047239,0.04265713319182396
189,4.3202144297538325e-05,0.001294659567065537,0.003938046284019947,0.04265489801764488
190,4.320224979892373e-05,0.0012945798225700855,0.003933928906917572,0.042654138058423996
191,4.3201933294767514e-05,0.0012945097405463457,0.003929561004042625,0.04265325516462326
192,4.320259904488921e-05,0.001294461078941822,0.003925763536244631,0.042652249336242676
193,4.3202282540732995e-05,0.0012945070629939437,0.003922458738088608,0.042651161551475525
194,4.320228981669061e-05,0.0012947248760610819,0.003918123431503773,0.04264993220567703
195,4.320222797105089e-05,0.0012949567753821611,0.003913396038115025,0.04264867305755615
196,4.3202318920521066e-05,0.0012949388474225998,0.0039092302322387695,0.042647331953048706
197,4.320250081946142e-05,0.0012941294116899371,0.0039062118157744408,0.04264773428440094
198,4.3202857341384515e-05,0.0012940610758960247,0.0039024644065648317,0.04264543205499649
199,4.320205334806815e-05,0.0012940041488036513,0.0038981910329312086,0.04264478385448456
200,4.320248626754619e-05,0.0012939374428242445,0.003894534194841981,0.04264402762055397
201,4.3203857785556465e-05,0.001293867826461792,0.003890687134116888,0.04264313355088234
202,4.320359948906116e-05,0.0012938060099259019,0.0038869217969477177,0.04264213144779205
203,4.320238440413959e-05,0.0012937465216964483,0.003883813973516226,0.042641039937734604
204,4.3202555389143527e-05,0.001293678185902536,0.003880793694406748,0.042639825493097305
205,4.3203046516282484e-05,0.001293612876906991,0.003877311944961548,0.04263858497142792
206,4.3202195229241624e-05,0.0012935517588630319,0.0038740006275475025,0.042639244347810745
207,4.3202267988817766e-05,0.0012934869155287743,0.0038713356480002403,0.04263685271143913
208,4.320255175116472e-05,0.0012934210244566202,0.0038685929030179977,0.04263630881905556
209,4.320222433307208e-05,0.0012933581601828337,0.0038659172132611275,0.04263564944267273
210,4.320217340136878e-05,0.0012932941317558289,0.003862969810143113,0.042634837329387665
211,4.320251173339784e-05,0.0012932268436998129,0.0038600608240813017,0.04263390973210335
212,4.3201554944971576e-05,0.0012930864468216896,0.003857468720525503,0.042632896453142166
213,4.3203344830544665e-05,0.0012928645592182875,0.003854767419397831,0.04263177886605263
214,4.32032611570321e-05,0.0012926184572279453,0.003852313384413719,0.04263061657547951
215,4.320357766118832e-05,0.0012923487229272723,0.003849982749670744,0.04263148456811905
216,4.320257721701637e-05,0.001292074448429048,0.00384766748175025,0.04262904077768326
217,4.320270090829581e-05,0.0012918011052533984,0.0038449116982519627,0.04262858256697655
218,4.320322477724403e-05,0.0012916442938148975,0.0038421782664954662,0.042627964168787
219,4.320271546021104e-05,0.001291443593800068,0.0038397980388253927,0.04262728989124298
220,4.320192238083109e-05,0.001291407272219658,0.0038374813739210367,0.04262641817331314
221,4.320237712818198e-05,0.0012911905068904161,0.003835329320281744,0.04262545704841614
222,4.320186053519137e-05,0.001291065476834774,0.003833144437521696,0.04262442886829376
223,4.3202806409681216e-05,0.0012910710647702217,0.003831162815913558,0.042623311281204224
224,4.3203184759477153e-05,0.001290731830522418,0.003829092485830188,0.04262438416481018
225,4.32020278822165e-05,0.0012908647768199444,0.003826854284852743,0.04262187331914902
226,4.3202620872762054e-05,0.0012910867808386683,0.003824481274932623,0.042621493339538574
227,4.32037231803406e-05,0.0012909660581499338,0.0038227946497499943,0.04262096434831619
228,4.320296284276992e-05,0.0012908505741506815,0.003820443991571665,0.04262032359838486
229,4.320259904488921e-05,0.00129093904979527,0.0038177422247827053,0.04261954873800278
230,4.3202831875532866e-05,0.0012906664051115513,0.0038153338246047497,0.04261863976716995
231,4.3203534005442634e-05,0.0012905249604955316,0.0038129158783704042,0.04261767119169235
232,4.320214065955952e-05,0.0012907101772725582,0.003810314228758216,0.042616620659828186
233,4.320222433307208e-05,0.0012903409078717232,0.003807326080277562,0.042617954313755035
234,4.3202358938287944e-05,0.001290670596063137,0.003804038045927882,0.04261530935764313
235,4.3201933294767514e-05,0.0012901399750262499,0.00380214536562562,0.04261498153209686
236,4.320168955018744e-05,0.0012894442770630121,0.003799493657425046,0.04261453077197075
237,4.320281732361764e-05,0.0012897246051579714,0.0037958582397550344,0.04261395335197449
238,4.320161315263249e-05,0.0012899124994874,0.0037934021092951298,0.04261321946978569
239,4.320335210650228e-05,0.00128926953766495,0.0037910635583102703,0.04261238873004913
240,4.320427615311928e-05,0.0012898433487862349,0.003789091482758522,0.042611464858055115
241,4.320399239077233e-05,0.0012900636065751314,0.0037873340770602226,0.04261046648025513
242,4.320266452850774e-05,0.0012896133121103048,0.003785147564485669,0.04261200875043869
243,4.3202180677326396e-05,0.0012896677944809198,0.003782222280278802,0.04260926693677902
244,4.320311563787982e-05,0.001290117739699781,0.0037794928066432476,0.042609017342329025
245,4.320232619647868e-05,0.0012897944543510675,0.0037766119930893183,0.0426086001098156
246,4.3202668166486546e-05,0.0012899269349873066,0.0037737044040113688,0.04260808229446411
247,4.320293737691827e-05,0.0012902008602395654,0.0037723493296653032,0.04260740801692009
248,4.320254811318591e-05,0.0012896964326500893,0.0037701523397117853,0.04260661453008652
249,4.320232983445749e-05,0.001289593754336238,0.0037667525466531515,0.04260574281215668
250,4.3202282540732995e-05,0.0012897864216938615,0.0037634619511663914,0.04260477423667908
251,4.3201758671784773e-05,0.001289492822252214,0.003761058207601309,0.04260653257369995
252,4.320183506933972e-05,0.0012894144747406244,0.0037582528311759233,0.042603686451911926
253,4.320253719924949e-05,0.0012895106337964535,0.0037556448951363564,0.0426035113632679
254,4.3202206143178046e-05,0.0012893485836684704,0.0037531224079430103,0.04260316118597984
255,4.320252992329188e-05,0.0012894767569378018,0.0037500623147934675,0.04260266572237015
256,4.320257721701637e-05,0.001289406674914062,0.003745721187442541,0.04260203614830971
257,4.3202158849453554e-05,0.0012892172671854496,0.003741674358025193,0.042601294815540314
258,4.320314110373147e-05,0.0012895665131509304,0.0037387425545603037,0.042600445449352264
259,4.3203170207561925e-05,0.001289502950385213,0.0037361271679401398,0.042599525302648544
260,4.320237712818198e-05,0.0012892612721771002,0.003733595134690404,0.04260145127773285
261,4.320265361457132e-05,0.0012894278625026345,0.0037298237439244986,0.04259856045246124
262,4.32035158155486e-05,0.001289288979023695,0.0037258064839988947,0.04259840399026871
263,4.320336665841751e-05,0.0012892128434032202,0.0037225254345685244,0.04259809851646423
264,4.320214065955952e-05,0.0012891062069684267,0.003718737279996276,0.04259764403104782
265,4.320293737691827e-05,0.0012893660459667444,0.0037152529694139957,0.04259708523750305
266,4.3203195673413575e-05,0.0012892826925963163,0.0037117497995495796,0.042596351355314255
267,4.320335574448109e-05,0.001289320643991232,0.003708016127347946,0.042595550417900085
268,4.320185325923376e-05,0.0012891979422420263,0.003704134142026305,0.04259467124938965
269,4.320227890275419e-05,0.0012892766389995813,0.0037023734766989946,0.04259676858782768
270,4.320334119256586e-05,0.0012892649974673986,0.0037005662452429533,0.042593780905008316
271,4.320197331253439e-05,0.0012891455553472042,0.0036996917333453894,0.042593661695718765
272,4.3204283429076895e-05,0.0012891179649159312,0.0036974847316741943,0.042593419551849365
273,4.320274092606269e-05,0.0012892227387055755,0.00369453988969326,0.04259299859404564
274,4.3203272070968524e-05,0.0012891937512904406,0.0036930167116224766,0.04259244352579117
275,4.320217340136878e-05,0.0012892179656773806,0.0036915051750838757,0.04259178787469864
276,4.320227526477538e-05,0.001289356965571642,0.003689957084134221,0.042591020464897156
277,4.320299922255799e-05,0.0012892211088910699,0.003688724944368005,0.0425901859998703
278,4.320262451074086e-05,0.0012892261147499084,0.003687353106215596,0.04259243607521057
279,4.320226435083896e-05,0.0012892448576167226,0.0036854783538728952,0.04258931800723076
280,4.320142397773452e-05,0.0012891008518636227,0.0036839281674474478,0.04258924722671509
281,4.320263906265609e-05,0.001289217732846737,0.0036826685536652803,0.04258902370929718
282,4.320192965678871e-05,0.0012892450904473662,0.003680871333926916,0.042588673532009125
283,4.3203170207561925e-05,0.001289083156734705,0.0036793884355574846,0.04258814454078674
284,4.320246080169454e-05,0.0012890924699604511,0.003677463624626398,0.0425875224173069
285,4.320291554904543e-05,0.0012891003862023354,0.0036750806029886007,0.042586758732795715
286,4.32022352470085e-05,0.001289001782424748,0.0036732538137584925,0.04258595407009125
287,4.320244988775812e-05,0.0012890552170574665,0.0036732705775648355,0.04258841276168823
288,4.3201758671784773e-05,0.0012892130762338638,0.003671433078125119,0.04258519411087036
289,4.320365042076446e-05,0.0012890631332993507,0.003669086378067732,0.04258515685796738
290,4.320220978115685e-05,0.0012890922371298075,0.0036679422482848167,0.04258499667048454
291,4.320207517594099e-05,0.0012891573132947087,0.0036671392153948545,0.042584631592035294
292,4.3202668166486546e-05,0.001289147650822997,0.0036659014876931906,0.042584165930747986
293,4.320314837968908e-05,0.0012890829239040613,0.0036644034553319216,0.04258353263139725
294,4.3203068344155326e-05,0.0012891426449641585,0.003663103561848402,0.04258282110095024
295,4.3204319808864966e-05,0.0012891485821455717,0.0036613941192626953,0.042582038789987564
296,4.3204097892157733e-05,0.0012890045763924718,0.0036595212295651436,0.04258464649319649
297,4.320219886722043e-05,0.0012891513761132956,0.003657817142084241,0.04258132725954056
298,4.320408697822131e-05,0.0012893056264147162,0.0036570585798472166,0.04258134216070175
299,4.320517473388463e-05,0.001289162551984191,0.0036556366831064224,0.04258117079734802
300,4.3204796384088695e-05,0.001289161155000329,0.0036538250278681517,0.04258086532354355
301,4.320335574448109e-05,0.0012890273937955499,0.003652889048680663,0.042580436915159225
302,4.32027991337236e-05,0.0012890412472188473,0.0036513772793114185,0.042579855769872665
303,4.320390144130215e-05,0.0012891864171251655,0.003649921854957938,0.04257914423942566
304,4.320408697822131e-05,0.0012890473008155823,0.0036486529279500246,0.042578376829624176
305,4.320265361457132e-05,0.001289061619900167,0.003647607984021306,0.04258112609386444
306,4.320270090829581e-05,0.0012890762882307172,0.003646561410278082,0.04257771372795105
307,4.3203421228099614e-05,0.0012889581266790628,0.0036453946959227324,0.042577750980854034
308,4.3202508095419034e-05,0.0012890268117189407,0.0036445760633796453,0.04257765784859657
309,4.320255175116472e-05,0.0012891058577224612,0.0036431096959859133,0.0425773486495018
310,4.320317748351954e-05,0.00128899363335222,0.0036424431018531322,0.042576923966407776
311,4.3202795495744795e-05,0.0012890290236100554,0.0036416701041162014,0.04257635027170181
312,4.320196239859797e-05,0.0012890840880572796,0.0036405178252607584,0.04257567226886749
313,4.320220978115685e-05,0.0012890102807432413,0.0036395725328475237,0.04257490858435631
314,4.320247899158858e-05,0.0012889786157757044,0.0036383469123393297,0.0425778366625309
315,4.3202118831686676e-05,0.001289002364501357,0.003637271001935005,0.042574331164360046
316,4.320222433307208e-05,0.0012889637146145105,0.003635827684774995,0.04257439449429512
317,4.32016713602934e-05,0.0012889520730823278,0.003635213477537036,0.04257431626319885
318,4.3202780943829566e-05,0.001289038686081767,0.0036345168482512236,0.042574070394039154
319,4.320298467064276e-05,0.001288978848606348,0.0036326097324490547,0.04257364198565483
320,4.32023880421184e-05,0.0012889383360743523,0.0036320777144283056,0.04257312789559364
321,4.320266452850774e-05,0.0012891190126538277,0.0036316351033747196,0.04257244989275932
322,4.320322841522284e-05,0.0012890298385173082,0.0036309524439275265,0.042571719735860825
323,4.320216248743236e-05,0.0012889381032437086,0.0036303421948105097,0.042574767023324966
324,4.320324296713807e-05,0.001289077685214579,0.0036295000463724136,0.04257117211818695
325,4.320393782109022e-05,0.0012889801291748881,0.0036282590590417385,0.042571283876895905
326,4.320316656958312e-05,0.0012889616191387177,0.003626859514042735,0.042571209371089935
327,4.3202006054343656e-05,0.0012889778008684516,0.0036255070008337498,0.04257098585367203
328,4.3203432142036036e-05,0.001288980827666819,0.0036242278292775154,0.042570583522319794
329,4.32033120887354e-05,0.0012890861835330725,0.0036243211943656206,0.042570069432258606
330,4.320335574448109e-05,0.0012890213401988149,0.0036240697372704744,0.04256941005587578
331,4.320187144912779e-05,0.001289067673496902,0.003622910473495722,0.042568691074848175
332,4.320424341131002e-05,0.0012890154030174017,0.003621032927185297,0.04257190227508545
333,4.320348671171814e-05,0.001289059640839696,0.00362049019895494,0.04256819188594818
334,4.3204072426306084e-05,0.0012889530044049025,0.0036198231391608715,0.04256831109523773
335,4.3204810936003923e-05,0.0012889895588159561,0.003619081573560834,0.04256825894117355
336,4.3202406232012436e-05,0.001289053587242961,0.0036181665491312742,0.042568061500787735
337,4.320337757235393e-05,0.0012890605721622705,0.003617326496168971,0.042567696422338486
338,4.320470179663971e-05,0.0012889918871223927,0.0036164303310215473,0.042567178606987
339,4.320466541685164e-05,0.0012890866491943598,0.0036166529171168804,0.04256656765937805
340,4.320271182223223e-05,0.001289029372856021,0.0036156121641397476,0.04256584495306015
341,4.320327934692614e-05,0.0012890428770333529,0.00361421937122941,0.042569197714328766
342,4.320436346461065e-05,0.0012890631332993507,0.0036137313582003117,0.042565375566482544
343,4.3204483517911285e-05,0.0012889925856143236,0.003613132983446121,0.042565539479255676
344,4.320312655181624e-05,0.0012890542857348919,0.0036122517194598913,0.04256552457809448
345,4.320208608987741e-05,0.0012890392681583762,0.0036115224938839674,0.04256531968712807
346,4.320297739468515e-05,0.0012890209909528494,0.003610465209931135,0.04256498068571091
347,4.320193693274632e-05,0.0012890298385173082,0.0036097972188144922,0.042564474046230316
348,4.320316293160431e-05,0.0012890538200736046,0.0036093981470912695,0.04256387799978256
349,4.3203584937145934e-05,0.0012890505604445934,0.0036087632179260254,0.04256319999694824
350,4.320352309150621e-05,0.001289033330976963,0.0036077217664569616,0.04256664961576462
351,4.3202006054343656e-05,0.001289102016016841,0.0036073450464755297,0.04256272315979004
352,4.320417792769149e-05,0.0012889762874692678,0.003606814658269286,0.04256290942430496
353,4.320530570112169e-05,0.0012890419457107782,0.003606238402426243,0.04256291687488556
354,4.320460357121192e-05,0.0012890994548797607,0.0036051420029252768,0.042562760412693024
355,4.320228981669061e-05,0.001289058243855834,0.003604363650083542,0.04256241396069527
356,4.320394873502664e-05,0.001289038686081767,0.003603521967306733,0.04256194084882736
357,4.3202882807236165e-05,0.001289011212065816,0.0036034095101058483,0.042561352252960205
358,4.3203457607887685e-05,0.0012890240177512169,0.0036019969265908003,0.042560674250125885
359,4.320471271057613e-05,0.0012890088837593794,0.0036015573423355818,0.042564261704683304
360,4.3202559027122334e-05,0.0012890391517430544,0.003601179923862219,0.042560264468193054
361,4.3203031964367256e-05,0.0012890973594039679,0.0036006553564220667,0.042560458183288574
362,4.320526568335481e-05,0.0012891765218228102,0.0035996572114527225,0.04256049543619156
363,4.320496736909263e-05,0.0012890808284282684,0.0035984970163553953,0.04256032034754753
364,4.320186053519137e-05,0.0012890631332993507,0.0035977696534246206,0.042559996247291565
365,4.320290463510901e-05,0.0012890133075416088,0.0035968089941889048,0.04255954176187515
366,4.3204185203649104e-05,0.001289011212065816,0.0035964210983365774,0.042558953166007996
367,4.320406515034847e-05,0.0012889980571344495,0.003596024587750435,0.04255825653672218
368,4.320297375670634e-05,0.001288966042920947,0.0035948450677096844,0.04256196692585945
369,4.3202719098189846e-05,0.0012890545185655355,0.0035945542622357607,0.04255791753530502
370,4.3203483073739335e-05,0.0012889262288808823,0.003593843663111329,0.04255811497569084
371,4.320251537137665e-05,0.001288974191993475,0.0035930939484387636,0.04255815967917442
372,4.320263542467728e-05,0.0012889764038845897,0.003592289984226227,0.04255799949169159
373,4.3203672248637304e-05,0.0012889576610177755,0.003592618741095066,0.0425577238202095
374,4.320312291383743e-05,0.0012889159843325615,0.003591398010030389,0.04255726933479309
375,4.320147854741663e-05,0.001288972096517682,0.0035902659874409437,0.04255666956305504
376,4.320203879615292e-05,0.001288868486881256,0.003589942818507552,0.04255601018667221
377,4.32025408372283e-05,0.0012889655772596598,0.003589643631130457,0.04255984351038933
378,4.320252264733426e-05,0.0012890440411865711,0.0035890042781829834,0.04255568981170654
379,4.320173684391193e-05,0.0012889397330582142,0.003587971907109022,0.04255591332912445
380,4.320168591220863e-05,0.0012889080680906773,0.0035876648034900427,0.04255595803260803
381,4.320321386330761e-05,0.001288964762352407,0.003586988430470228,0.04255584254860878
382,4.320327934692614e-05,0.0012889548670500517,0.003586527891457081,0.0425555557012558
383,4.320220978115685e-05,0.0012889092322438955,0.0035860815551131964,0.04255510866641998
384,4.320287553127855e-05,0.0012889482313767076,0.0035854435991495848,0.042554546147584915
385,4.320230073062703e-05,0.0012889401987195015,0.0035842920187860727,0.04255388677120209
386,4.3202006054343656e-05,0.0012889885110780597,0.0035830663982778788,0.04255782440304756
387,4.320184962125495e-05,0.0012889476493000984,0.0035818994510918856,0.042553581297397614
388,4.3203985114814714e-05,0.0012890101643279195,0.003580499440431595,0.04255382716655731
389,4.320354128140025e-05,0.001288946601562202,0.003579398849979043,0.04255389794707298
390,4.3202133383601904e-05,0.0012890445068478584,0.003578601637855172,0.04255376756191254
391,4.3202144297538325e-05,0.001288997009396553,0.0035783739294856787,0.04255349934101105
392,4.3203344830544665e-05,0.0012890422949567437,0.0035775601863861084,0.042553067207336426
393,4.3202093365835026e-05,0.0012890920042991638,0.003576368559151888,0.04255249351263046
394,4.320150037528947e-05,0.0012889555655419827,0.003575465176254511,0.04255185276269913
395,4.320176594774239e-05,0.001288926461711526,0.0035746563225984573,0.04255592077970505
396,4.320167863625102e-05,0.0012889972422271967,0.0035750106908380985,0.042551591992378235
397,4.320250445744023e-05,0.0012890822254121304,0.0035745766945183277,0.042551856487989426
398,4.320251173339784e-05,0.0012890638317912817,0.0035735908895730972,0.0425519198179245
399,4.3202195229241624e-05,0.0012890929356217384,0.0035733759868890047,0.042551808059215546
400,4.320302832638845e-05,0.001289001782424748,0.00357340881600976,0.04255155846476555
401,4.3202446249779314e-05,0.0012890209909528494,0.003572514746338129,0.04255112260580063
402,4.320272637414746e-05,0.0012890767538920045,0.0035718686413019896,0.04255057871341705
403,4.320291554904543e-05,0.0012889982899650931,0.0035711638629436493,0.04254995658993721
404,4.320154766901396e-05,0.0012890348443761468,0.0035701647866517305,0.042550504207611084
405,4.3203621316934004e-05,0.0012891392689198256,0.003569885389879346,0.04255089908838272
406,4.320322477724403e-05,0.0012890268117189407,0.0035689277574419975,0.04255101829767227
407,4.3202020606258884e-05,0.0012889974750578403,0.003567876759916544,0.04255097359418869
408,4.32028500654269e-05,0.0012891445076093078,0.003567539155483246,0.04255072399973869
409,4.3202046072110534e-05,0.001289003062993288,0.003567465115338564,0.042550280690193176
410,4.320258449297398e-05,0.0012890191283077002,0.0035670557990670204,0.042549703270196915
411,4.3202308006584644e-05,0.0012890277430415154,0.0035666238982230425,0.04254898801445961
412,4.3201955122640356e-05,0.0012891085352748632,0.003566313534975052,0.042548246681690216
413,4.320385050959885e-05,0.001288974890485406,0.003565493505448103,0.04255248233675957
414,4.320377775002271e-05,0.001289027975872159,0.003565357532352209,0.04254777729511261
415,4.3204498069826514e-05,0.0012889676727354527,0.0035647822078317404,0.042547982186079025
416,4.320277730585076e-05,0.0012888952624052763,0.003564271843060851,0.04254796355962753
417,4.3202820961596444e-05,0.0012889844365417957,0.0035638033878058195,0.042547836899757385
418,4.320401421864517e-05,0.0012889422941952944,0.0035636171232908964,0.04254750907421112
419,4.3203268432989717e-05,0.0012889839708805084,0.003562881611287594,0.04254710301756859
420,4.320227526477538e-05,0.0012890391517430544,0.0035625076852738857,0.04254698380827904
421,4.3202620872762054e-05,0.00128891970962286,0.0035625859163701534,0.04254719614982605
422,4.320224252296612e-05,0.0012889516074210405,0.0035618566907942295,0.04254767298698425
423,4.320194057072513e-05,0.001289084437303245,0.003561572637408972,0.042547911405563354
424,4.320323569118045e-05,0.0012889897916465998,0.003561148652806878,0.04254797846078873
425,4.3201918742852286e-05,0.0012889361241832376,0.003560552606359124,0.04254775121808052
426,4.320429070503451e-05,0.0012890317011624575,0.0035600285045802593,0.04254736378788948
427,4.320206062402576e-05,0.0012889610370621085,0.0035594399087131023,0.04254680871963501
428,4.3204745452385396e-05,0.0012890173820778728,0.00355904852040112,0.04254613071680069
429,4.3203421228099614e-05,0.0012890868820250034,0.0035584401339292526,0.042545340955257416
430,4.320260995882563e-05,0.0012890869984403253,0.0035584981087595224,0.04254673421382904
431,4.3203195673413575e-05,0.001288990257307887,0.003557923948392272,0.042544927448034286
432,4.320256266510114e-05,0.0012890745420008898,0.003557722084224224,0.0425451323390007
433,4.320301741245203e-05,0.001288984203711152,0.003557434771209955,0.04254515469074249
434,4.320349762565456e-05,0.001288980944082141,0.0035566615406423807,0.04254502058029175
435,4.32030028605368e-05,0.0012889772187918425,0.0035559912212193012,0.04254469275474548
436,4.3201969674555585e-05,0.001288889441639185,0.003555809147655964,0.042544249445199966
437,4.320281368563883e-05,0.0012889655772596598,0.0035554671194404364,0.042543672025203705
438,4.3202031520195305e-05,0.0012889975914731622,0.003555057104676962,0.04254617542028427
439,4.320192238083109e-05,0.0012889248318970203,0.003554864786565304,0.042543571442365646
440,4.3202446249779314e-05,0.001288959407247603,0.00355446501635015,0.042543940246105194
441,4.320232619647868e-05,0.0012889932841062546,0.0035539634991437197,0.04254412651062012
442,4.3202959204791114e-05,0.0012889732606709003,0.0035533460322767496,0.04254408925771713
443,4.3203195673413575e-05,0.001288937870413065,0.003554056864231825,0.042543888092041016
444,4.320240986999124e-05,0.001288935192860663,0.0035533045884221792,0.04254347085952759
445,4.3203395762247965e-05,0.001289029372856021,0.0035526149440556765,0.04254292696714401
446,4.3203795939916745e-05,0.0012889528879895806,0.003552383976057172,0.04254233464598656
447,4.320222433307208e-05,0.0012890615034848452,0.0035524482373148203,0.04254408925771713
448,4.320318839745596e-05,0.0012890049256384373,0.0035523008555173874,0.04254210367798805
449,4.32042870670557e-05,0.0012889805948361754,0.003551548346877098,0.04254242777824402
450,4.320172592997551e-05,0.0012889397330582142,0.003550918074324727,0.04254256561398506
451,4.320232255849987e-05,0.0012889569625258446,0.0035504340194165707,0.04254251718521118
452,4.3204196117585525e-05,0.001288947882130742,0.0035506479907780886,0.04254224896430969
453,4.320178413763642e-05,0.0012890542857348919,0.003550501773133874,0.04254183918237686
454,4.320377775002271e-05,0.0012889588251709938,0.003549450309947133,0.0425412654876709
455,4.320186053519137e-05,0.0012889320496469736,0.0035492992028594017,0.04254063963890076
456,4.320180960348807e-05,0.001289099338464439,0.0035494358744472265,0.04254470020532608
457,4.32044907938689e-05,0.001289032632485032,0.003549333428964019,0.042540427297353745
458,4.3202559027122334e-05,0.0012889767531305552,0.0035488426219671965,0.042540766298770905
459,4.32020278822165e-05,0.0012890341458842158,0.0035483352839946747,0.042540911585092545
460,4.320298830862157e-05,0.001288914936594665,0.0035479366779327393,0.04254084825515747
461,4.3203945097047836e-05,0.0012890484649688005,0.003547141095623374,0.042540617287158966
462,4.3202046072110534e-05,0.0012890049256384373,0.0035463357344269753,0.04254021495580673
463,4.3205458496231586e-05,0.0012890130747109652,0.0035470540169626474,0.04253970831632614
464,4.3202970118727535e-05,0.0012889814097434282,0.0035469892900437117,0.04254015535116196
465,4.3203333916608244e-05,0.0012889583595097065,0.0035461699590086937,0.042539723217487335
466,4.320465086493641e-05,0.0012889812933281064,0.003544857492670417,0.04254017770290375
467,4.3203872337471694e-05,0.0012890731450170279,0.0035441541112959385,0.042540401220321655
468,4.320303924032487e-05,0.001289132982492447,0.0035437108017504215,0.04254044219851494
469,4.320213702158071e-05,0.0012890170328319073,0.00354289379902184,0.042540229856967926
470,4.3204072426306084e-05,0.0012889504432678223,0.003542351769283414,0.042539797723293304
471,4.3202831875532866e-05,0.0012890489306300879,0.0035412288270890713,0.042539261281490326
472,4.320319203543477e-05,0.001288986299186945,0.0035399124026298523,0.0425386056303978
473,4.320401785662398e-05,0.0012890591751784086,0.003539888421073556,0.042538147419691086
474,4.320333027862944e-05,0.0012890668585896492,0.0035389887634664774,0.04253839701414108
475,4.320181324146688e-05,0.0012889998033642769,0.0035379771143198013,0.042538754642009735
476,4.320295556681231e-05,0.001288917614147067,0.0035375074949115515,0.04253889620304108
477,4.320298830862157e-05,0.0012890310026705265,0.0035368141252547503,0.04253881052136421
478,4.3203031964367256e-05,0.0012890094658359885,0.0035370015539228916,0.042538538575172424
479,4.320305015426129e-05,0.0012889439240098,0.003536567324772477,0.042538098990917206
480,4.3203370296396315e-05,0.0012889630161225796,0.0035367123782634735,0.04253751039505005
481,4.3203770474065095e-05,0.0012889653444290161,0.0035363035276532173,0.042536865919828415
482,4.3204996472923085e-05,0.0012889490462839603,0.003535924246534705,0.04254087060689926
483,4.32038759754505e-05,0.0012890573125332594,0.0035357766319066286,0.04253663495182991
484,4.32020278822165e-05,0.001288877916522324,0.0035347179509699345,0.04253698140382767
485,4.320273728808388e-05,0.001289038686081767,0.003534266958013177,0.0425371490418911
486,4.320325388107449e-05,0.0012890184298157692,0.003534270217642188,0.042537085711956024
487,4.3203068344155326e-05,0.0012890258803963661,0.0035336040891706944,0.042536862194538116
488,4.32021843153052e-05,0.0012889562640339136,0.0035337554290890694,0.042536456137895584
489,4.3201893277000636e-05,0.0012890417128801346,0.003533468348905444,0.04253595322370529
490,4.320307925809175e-05,0.0012889511417597532,0.00353354774415493,0.04253733158111572
491,4.320229709264822e-05,0.0012889117933809757,0.003533140756189823,0.04253601282835007
492,4.3201882363064215e-05,0.001289041480049491,0.003532974747940898,0.042536474764347076
493,4.320371590438299e-05,0.0012889865320175886,0.0035329079255461693,0.04253672808408737
494,4.320335574448109e-05,0.0012889497447758913,0.003532369853928685,0.04253675043582916
495,4.320273728808388e-05,0.0012890496291220188,0.0035317118745297194,0.04253656044602394
496,4.3202555389143527e-05,0.0012890042271465063,0.0035318227019160986,0.0425361692905426
497,4.3202318920521066e-05,0.0012889645295217633,0.0035313430707901716,0.04253567010164261
498,4.3202457163715735e-05,0.0012890282087028027,0.003531169844791293,0.042535021901130676
499,4.3202719098189846e-05,0.0012889731442555785,0.003531306516379118,0.042535364627838135
500,4.3202380766160786e-05,0.0012890067882835865,0.0035308217629790306,0.042534880340099335
