sample,x_node_px,y_node_px,x_node_norm,y_node_norm,x_node_um,y_node_um,P_center_total,P_top,P_bottom,T_top,T_bottom,ratio_top,ratio_bottom,reflection_proxy,solve_time_sec,x_input_monitor,x_output_monitor,input_monitor_source_distance_px,input_monitor_design_clearance_px,P_in_signed,P_in,forward_sign,P_sum_forward,P_sum,T_total_forward,T_total,T_total_raw_signed,backward_fraction,P_out_signed_1,P_out_forward_1,P_out_backward_1,P_1,T_1,ratio_1,P_out_signed_2,P_out_forward_2,P_out_backward_2,P_2,T_2,ratio_2,dataset_seed
0,122.28561622153597,88.06420122152183,0.3349200901196443,-0.7127571137732899,2.4457123244307195,1.7612840244304366,7.655642983025536e-23,2.8767820865459456e-23,3.3922725456418877e-23,0.21438133785838406,0.252796320623696,0.45888610888400877,0.5411138911159913,0.07243924821494609,6.001301527023315,49,281,28,13,1.3418994933440937e-22,1.3418994933440937e-22,1.0,6.269054632187833e-23,6.269054632187833e-23,0.4671776584820801,0.4671776584820801,0.4671776584820801,0.0,2.8767820865459456e-23,2.8767820865459456e-23,0.0,2.8767820865459456e-23,0.21438133785838406,0.45888610888400877,3.3922725456418877e-23,3.3922725456418877e-23,0.0,3.3922725456418877e-23,0.252796320623696,0.5411138911159913,11
1,151.9422289952092,113.22299906791454,0.49967904997338447,-0.11373811743060612,3.038844579904184,2.2644599813582906,1.4242985773427237e-22,2.78970595368359e-23,9.550580960523634e-23,0.20678431797553676,0.7079277898748828,0.22606491835062886,0.7739350816493711,0.015758490641290375,5.985852241516113,49,281,28,13,1.3490897090240767e-22,1.3490897090240767e-22,1.0,1.2340286914207225e-22,1.2340286914207225e-22,0.9147121078504197,0.9147121078504197,0.9147121078504197,0.0,2.78970595368359e-23,2.78970595368359e-23,0.0,2.78970595368359e-23,0.20678431797553676,0.22606491835062886,9.550580960523634e-23,9.550580960523634e-23,0.0,9.550580960523634e-23,0.7079277898748828,0.7739350816493711,11
2,160.1198686098686,142.04792224439348,0.5451103811659367,0.5725695772474637,3.202397372197372,2.8409584448878697,1.4126482082360305e-22,1.083934347229362e-22,1.1291722555839076e-23,0.8034893613813692,0.08370229219581071,0.9056547794849952,0.09434522051500471,0.015314266852049969,6.001745700836182,49,281,28,13,1.3490338507604484e-22,1.3490338507604484e-22,1.0,1.1968515727877528e-22,1.1968515727877528e-22,0.88719165357718,0.88719165357718,0.88719165357718,0.0,1.083934347229362e-22,1.083934347229362e-22,0.0,1.083934347229362e-22,0.8034893613813692,0.9056547794849952,1.1291722555839076e-23,1.1291722555839076e-23,0.0,1.1291722555839076e-23,0.08370229219581071,0.09434522051500471,11
3,114.29512066975556,151.1546146696362,0.29052844816530865,0.7893955873722905,2.2859024133951116,3.023092293392724,5.578542832074297e-23,2.6779420298400605e-23,1.9177377068339218e-23,0.20283342142032873,0.14525381659853612,0.5827085835572519,0.4172914164427481,0.12971149803864043,6.007817268371582,49,281,28,13,1.3202666558045187e-22,1.3202666558045187e-22,1.0,4.5956797366739826e-23,4.5956797366739826e-23,0.3480872380188649,0.3480872380188649,0.3480872380188649,0.0,2.6779420298400605e-23,2.6779420298400605e-23,0.0,2.6779420298400605e-23,0.20283342142032873,0.5827085835572519,1.9177377068339218e-23,1.9177377068339218e-23,0.0,1.9177377068339218e-23,0.14525381659853612,0.4172914164427481,11
4,123.83408676619648,139.7751649464605,0.3435227042566471,0.5184563082490596,2.47668173532393,2.79550329892921,1.133725057755114e-22,7.526239652483401e-23,2.1812492627942088e-23,0.5586668747320567,0.16191242438775513,0.7753024204476435,0.2246975795523564,0.03621392840229085,5.972357273101807,49,281,28,13,1.347178433676254e-22,1.347178433676254e-22,1.0,9.70748891527761e-23,9.70748891527761e-23,0.7205792991198119,0.7205792991198119,0.7205792991198119,0.0,7.526239652483401e-23,7.526239652483401e-23,0.0,7.526239652483401e-23,0.5586668747320567,0.7753024204476435,2.1812492627942088e-23,2.1812492627942088e-23,0.0,2.1812492627942088e-23,0.16191242438775513,0.2246975795523564,11
5,186.25688183682956,78.97428914285388,0.6903160102046086,-0.9291835918368124,3.725137636736591,1.5794857828570776,1.4162230707990557e-22,1.3988020118032003e-23,5.375323876558351e-23,0.10394720959112588,0.3994488947699666,0.20649188321203854,0.7935081167879614,0.040347837438743345,6.002593994140625,49,281,28,13,1.3456850042491357e-22,1.3456850042491357e-22,1.0,6.774125888361551e-23,6.774125888361551e-23,0.5033961043610925,0.5033961043610925,0.5033961043610925,0.0,1.3988020118032003e-23,1.3988020118032003e-23,0.0,1.3988020118032003e-23,0.10394720959112588,0.20649188321203854,5.375323876558351e-23,5.375323876558351e-23,0.0,5.375323876558351e-23,0.3994488947699666,0.7935081167879614,11
6,117.63364609233575,106.19061442043724,0.30907581162408754,-0.2811758471324466,2.352672921846715,2.123812288408745,1.3747773817133847e-22,4.1713480934892e-24,1.2572053547662055e-22,0.030930180770981672,0.9322067594852369,0.032114001112607586,0.9678859988873925,0.00836059205270318,6.014450788497925,49,281,28,13,1.3486335965429304e-22,1.3486335965429304e-22,1.0,1.2989188357010975e-22,1.2989188357010975e-22,0.9631369402562185,0.9631369402562185,0.9631369402562185,0.0,4.1713480934892e-24,4.1713480934892e-24,0.0,4.1713480934892e-24,0.030930180770981672,0.032114001112607586,1.2572053547662055e-22,1.2572053547662055e-22,0.0,1.2572053547662055e-22,0.9322067594852369,0.9678859988873925,11
7,122.38191595194384,89.69677392340843,0.3354550886219102,-0.6738863351569422,2.447638319038877,1.7939354784681687,8.659403886539868e-23,2.7586740926951017e-23,4.296270278103588e-23,0.20568380268655093,0.3203253369107629,0.39102705105848945,0.6089729489415107,0.076202454490766,5.969682693481445,49,281,28,13,1.3412208723596705e-22,1.3412208723596705e-22,1.0,7.054944370798689e-23,7.054944370798689e-23,0.5260091395973138,0.5260091395973138,0.5260091395973138,0.0,2.7586740926951017e-23,2.7586740926951017e-23,0.0,2.7586740926951017e-23,0.20568380268655093,0.39102705105848945,4.296270278103588e-23,4.296270278103588e-23,0.0,4.296270278103588e-23,0.3203253369107629,0.6089729489415107,11
8,187.866276263342,159.89940896112176,0.6992570903519,0.997604975264804,3.75732552526684,3.197988179222435,1.4102484322341292e-22,3.486535361254348e-23,2.2582993533262322e-23,0.2598961136019643,0.16833996058142947,0.6068991597626658,0.39310084023733427,0.06657736733593901,6.020551919937134,49,281,28,13,1.3415111572595662e-22,1.3415111572595662e-22,1.0,5.74483471458058e-23,5.74483471458058e-23,0.4282360741833937,0.4282360741833937,0.4282360741833937,0.0,3.486535361254348e-23,3.486535361254348e-23,0.0,3.486535361254348e-23,0.2598961136019643,0.6068991597626658,2.2582993533262322e-23,2.2582993533262322e-23,0.0,2.2582993533262322e-23,0.16833996058142947,0.39310084023733427,11
9,161.75068742371064,88.09729004092314,0.5541704856872813,-0.7119692847399252,3.2350137484742127,1.761945800818463,1.3926520256004506e-22,1.8442653161020884e-23,8.105513974602323e-23,0.13675580202455956,0.6010393703877783,0.18535740966888525,0.8146425903311146,0.02227615073515552,5.987237215042114,49,281,28,13,1.3485828672708763e-22,1.3485828672708763e-22,1.0,9.949779290704412e-23,9.949779290704412e-23,0.7377951724123379,0.7377951724123379,0.7377951724123379,0.0,1.8442653161020884e-23,1.8442653161020884e-23,0.0,1.8442653161020884e-23,0.13675580202455956,0.18535740966888525,8.105513974602323e-23,8.105513974602323e-23,0.0,8.105513974602323e-23,0.6010393703877783,0.8146425903311146,11
10,141.51944989838327,96.52241319910456,0.44177472165768483,-0.5113711143070342,2.8303889979676655,1.930448263982091,1.335227956583052e-22,1.4509020461612592e-23,1.0059546341114055e-22,0.10767943977839024,0.7465743930142096,0.12605087111682087,0.8739491288831792,0.021948458082740416,5.971868276596069,49,281,28,13,1.3474271867937735e-22,1.3474271867937735e-22,1.0,1.1510448387275313e-22,1.1510448387275313e-22,0.8542538327925998,0.8542538327925998,0.8542538327925998,0.0,1.4509020461612592e-23,1.4509020461612592e-23,0.0,1.4509020461612592e-23,0.10767943977839024,0.12605087111682087,1.0059546341114055e-22,1.0059546341114055e-22,0.0,1.0059546341114055e-22,0.7465743930142096,0.8739491288831792,11
11,152.911201744261,106.00645587348026,0.5050622319125612,-0.2855605744409461,3.05822403488522,2.120129117469605,1.4232927364792074e-22,5.5852013925797824e-24,1.2757665092185328e-22,0.041395326674113234,0.9455482031347338,0.04194295359748775,0.9580570464025123,0.015019871955447699,6.005418300628662,49,281,28,13,1.3492347666560425e-22,1.3492347666560425e-22,1.0,1.3316185231443306e-22,1.3316185231443306e-22,0.9869435298088469,0.9869435298088469,0.9869435298088469,0.0,5.5852013925797824e-24,5.5852013925797824e-24,0.0,5.5852013925797824e-24,0.041395326674113234,0.04194295359748775,1.2757665092185328e-22,1.2757665092185328e-22,0.0,1.2757665092185328e-22,0.9455482031347338,0.9580570464025123,11
12,165.02743620134393,81.1144830443718,0.5723746455630219,-0.878226594181624,3.3005487240268785,1.622289660887436,1.3489986770039212e-22,2.3602588553933345e-23,4.425104727458076e-23,0.17535799651091036,0.32876796440562045,0.3478455983343908,0.6521544016656092,0.04253013082197505,5.990354299545288,49,281,28,13,1.3459659110820674e-22,1.3459659110820674e-22,1.0,6.78536358285141e-23,6.78536358285141e-23,0.5041259609165307,0.5041259609165307,0.5041259609165307,0.0,2.3602588553933345e-23,2.3602588553933345e-23,0.0,2.3602588553933345e-23,0.17535799651091036,0.3478455983343908,4.425104727458076e-23,4.425104727458076e-23,0.0,4.425104727458076e-23,0.32876796440562045,0.6521544016656092,11
13,134.02470526089036,149.11233303164005,0.4001372514493909,0.7407698340866679,2.680494105217807,2.9822466606328013,8.820348749456807e-23,3.402364342725498e-23,3.812875069054095e-23,0.25323584302162067,0.28378989878390426,0.4715525221756053,0.5284474778243946,0.03997709878851021,5.986088037490845,49,281,28,13,1.3435555970783379e-22,1.3435555970783379e-22,1.0,7.215239411779594e-23,7.215239411779594e-23,0.537025741805525,0.537025741805525,0.537025741805525,0.0,3.402364342725498e-23,3.402364342725498e-23,0.0,3.402364342725498e-23,0.25323584302162067,0.4715525221756053,3.812875069054095e-23,3.812875069054095e-23,0.0,3.812875069054095e-23,0.28378989878390426,0.5284474778243946,11
14,123.03744582935643,129.45435943650244,0.3390969212742024,0.27272284372624866,2.4607489165871286,2.5890871887300486,1.399369856658396e-22,1.2870710372085582e-22,3.982072312878208e-24,0.9541401524084088,0.029520166126582266,0.9699894713954224,0.0300105286045776,0.006259515899993383,5.995582580566406,49,281,28,13,1.348932894145348e-22,1.348932894145348e-22,1.0,1.3268917603373404e-22,1.3268917603373404e-22,0.9836603185349911,0.9836603185349911,0.9836603185349911,0.0,1.2870710372085582e-22,1.2870710372085582e-22,0.0,1.2870710372085582e-22,0.9541401524084088,0.9699894713954224,3.982072312878208e-24,3.982072312878208e-24,0.0,3.982072312878208e-24,0.029520166126582266,0.0300105286045776,11
15,175.04316756031935,89.41885215650727,0.6280175975573297,-0.6805035200831602,3.5008633512063874,1.7883770431301456,1.4229303947959577e-22,6.776715425175807e-24,1.0640935747109602e-22,0.05024314441012223,0.7889280246513962,0.05987234340559069,0.9401276565944093,0.020615719056874524,6.008624792098999,49,281,28,13,1.3487840987536873e-22,1.3487840987536873e-22,1.0,1.1318607289627182e-22,1.1318607289627182e-22,0.8391711690615183,0.8391711690615183,0.8391711690615183,0.0,6.776715425175807e-24,6.776715425175807e-24,0.0,6.776715425175807e-24,0.05024314441012223,0.05987234340559069,1.0640935747109602e-22,1.0640935747109602e-22,0.0,1.0640935747109602e-22,0.7889280246513962,0.9401276565944093,11
16,165.6288467281987,117.85455884785421,0.5757158151566595,-0.003462884574899828,3.312576934563974,2.357091176957084,1.4228211868810317e-22,5.493454447170854e-23,5.491806797758653e-23,0.4075108264024791,0.4073886018568777,0.5000749936380877,0.4999250063619124,0.034904758455672105,5.983027696609497,49,281,28,13,1.3480511660677279e-22,1.3480511660677279e-22,1.0,1.0985261244929505e-22,1.0985261244929505e-22,0.8148994282593567,0.8148994282593567,0.8148994282593567,0.0,5.493454447170854e-23,5.493454447170854e-23,0.0,5.493454447170854e-23,0.4075108264024791,0.5000749936380877,5.491806797758653e-23,5.491806797758653e-23,0.0,5.491806797758653e-23,0.4073886018568777,0.4999250063619124,11
17,152.99058507865283,82.60825972533644,0.5055032504369602,-0.8426604827300848,3.059811701573057,1.6521651945067288,1.12430200432124e-22,3.6348061423714605e-23,3.3757969875413007e-23,0.2704258343677999,0.2511558199405252,0.5184726727522931,0.48152732724770697,0.04230327562403335,6.001629829406738,49,281,28,13,1.3441046233134092e-22,1.3441046233134092e-22,1.0,7.01060312991276e-23,7.01060312991276e-23,0.521581654308325,0.521581654308325,0.521581654308325,0.0,3.6348061423714605e-23,3.6348061423714605e-23,0.0,3.6348061423714605e-23,0.2704258343677999,0.5184726727522931,3.3757969875413007e-23,3.3757969875413007e-23,0.0,3.3757969875413007e-23,0.2511558199405252,0.48152732724770697,11
18,177.33891487757265,127.32230213823124,0.640771749319848,0.22195957471979136,3.546778297551453,2.5464460427646247,1.421120587692221e-22,1.0591774212274987e-22,1.2764760805567204e-23,0.786741158531427,0.09481473550399136,0.8924461442031015,0.10755385579689855,0.028643674555981064,6.008392810821533,49,281,28,13,1.3462844923540237e-22,1.3462844923540237e-22,1.0,1.1868250292831707e-22,1.1868250292831707e-22,0.8815558940354183,0.8815558940354183,0.8815558940354183,0.0,1.0591774212274987e-22,1.0591774212274987e-22,0.0,1.0591774212274987e-22,0.786741158531427,0.8924461442031015,1.2764760805567204e-23,1.2764760805567204e-23,0.0,1.2764760805567204e-23,0.09481473550399136,0.10755385579689855,11
19,155.9260215096021,95.45971116018644,0.5218112306089006,-0.5366735438050847,3.1185204301920417,1.909194223203729,1.4056960650023634e-22,1.1634014395976594e-23,1.0745243628072596e-22,0.08621758568977435,0.796310655745139,0.0976938545893921,0.9023061454106079,0.013380160326650641,5.995560884475708,49,281,28,13,1.3493783551116556e-22,1.3493783551116556e-22,1.0,1.1908645067670255e-22,1.1908645067670255e-22,0.8825282414349134,0.8825282414349134,0.8825282414349134,0.0,1.1634014395976594e-23,1.1634014395976594e-23,0.0,1.1634014395976594e-23,0.08621758568977435,0.0976938545893921,1.0745243628072596e-22,1.0745243628072596e-22,0.0,1.0745243628072596e-22,0.796310655745139,0.9023061454106079,11
20,190.47309114378444,79.2456703606397,0.7137393952432469,-0.9227221342704832,3.8094618228756887,1.5849134072127942,1.4200713275371904e-22,1.5742196056000214e-23,5.21146561903011e-23,0.11684474802339859,0.3868154004193593,0.23199125121307518,0.7680087487869248,0.04055513266626821,6.005922317504883,49,281,28,13,1.3472745949050086e-22,1.3472745949050086e-22,1.0,6.785685224630132e-23,6.785685224630132e-23,0.5036601484427579,0.5036601484427579,0.5036601484427579,0.0,1.5742196056000214e-23,1.5742196056000214e-23,0.0,1.5742196056000214e-23,0.11684474802339859,0.23199125121307518,5.21146561903011e-23,5.21146561903011e-23,0.0,5.21146561903011e-23,0.3868154004193593,0.7680087487869248,11
21,128.3607569064036,85.67995031028781,0.36867087170224216,-0.7695249926121951,2.567215138128072,1.7135990062057562,7.50477133374094e-23,3.61993162417049e-23,2.5788859925285038e-23,0.2705388741550247,0.19273538437420093,0.5839713067890168,0.4160286932109832,0.06606691637963595,5.988947153091431,49,281,28,13,1.338044905922167e-22,1.338044905922167e-22,1.0,6.198817616698994e-23,6.198817616698994e-23,0.46327425852922566,0.46327425852922566,0.46327425852922566,0.0,3.61993162417049e-23,3.61993162417049e-23,0.0,3.61993162417049e-23,0.2705388741550247,0.5839713067890168,2.5788859925285038e-23,2.5788859925285038e-23,0.0,2.5788859925285038e-23,0.19273538437420093,0.4160286932109832,11
22,156.29842902921823,122.64206030009856,0.5238801612734346,0.110525245240442,3.1259685805843644,2.4528412060019713,1.4242481535559535e-22,9.301961544998911e-23,2.818028240119696e-23,0.6897267675126618,0.20895264933256402,0.7674892231691663,0.23251077683083363,0.018278140274710464,5.965118408203125,49,281,28,13,1.348644417345764e-22,1.348644417345764e-22,1.0,1.2119989785118607e-22,1.2119989785118607e-22,0.8986794168452259,0.8986794168452259,0.8986794168452259,0.0,9.301961544998911e-23,9.301961544998911e-23,0.0,9.301961544998911e-23,0.6897267675126618,0.7674892231691663,2.818028240119696e-23,2.818028240119696e-23,0.0,2.818028240119696e-23,0.20895264933256402,0.23251077683083363,11
23,150.689975753871,129.5063713204873,0.4927220875215056,0.273961221916364,3.0137995150774204,2.590127426409746,1.4219963293028945e-22,1.2735095112346986e-22,5.653457440884094e-24,0.9438073752971659,0.041898193783114226,0.9574942101400444,0.04250578985995549,0.015433623805290442,5.990347862243652,49,281,28,13,1.3493320189765663e-22,1.3493320189765663e-22,1.0,1.3300440856435396e-22,1.3300440856435396e-22,0.9857055690802801,0.9857055690802801,0.9857055690802801,0.0,1.2735095112346986e-22,1.2735095112346986e-22,0.0,1.2735095112346986e-22,0.9438073752971659,0.9574942101400444,5.653457440884094e-24,5.653457440884094e-24,0.0,5.653457440884094e-24,0.041898193783114226,0.04250578985995549,11
24,140.26198840483585,103.28325435927255,0.4347888244713103,-0.35039870573160603,2.8052397680967167,2.065665087185451,1.4001090350759822e-22,5.058994663692732e-24,1.2498084916777343e-22,0.03749200298983036,0.9262279725848508,0.03890342001832358,0.9610965799816764,0.01000308127754003,5.929382801055908,49,281,28,13,1.3493529980420027e-22,1.3493529980420027e-22,1.0,1.3003984383146616e-22,1.3003984383146616e-22,0.9637199755746811,0.9637199755746811,0.9637199755746811,0.0,5.058994663692732e-24,5.058994663692732e-24,0.0,5.058994663692732e-24,0.03749200298983036,0.03890342001832358,1.2498084916777343e-22,1.2498084916777343e-22,0.0,1.2498084916777343e-22,0.9262279725848508,0.9610965799816764,11
25,159.3276243159235,130.05000408313128,0.5407090239773527,0.28690485912217345,3.1865524863184698,2.601000081662626,1.4244353269453372e-22,1.2619033500804335e-22,6.0922567214162604e-24,0.9353176967864305,0.045155562227039855,0.9539451363798801,0.04605486362011988,0.015325067663265638,5.986652374267578,49,281,28,13,1.3491708265716426e-22,1.3491708265716426e-22,1.0,1.322825917294596e-22,1.322825917294596e-22,0.9804732590134704,0.9804732590134704,0.9804732590134704,0.0,1.2619033500804335e-22,1.2619033500804335e-22,0.0,1.2619033500804335e-22,0.9353176967864305,0.9539451363798801,6.0922567214162604e-24,6.0922567214162604e-24,0.0,6.0922567214162604e-24,0.045155562227039855,0.04605486362011988,11
26,130.82409853340644,105.57355239232346,0.38235610296336914,-0.2958678001827747,2.616481970668129,2.1114710478464693,1.4002919856349765e-22,4.229732137668537e-24,1.28315414714887e-22,0.03134348889958452,0.9508528308316289,0.031911633417809934,0.9680883665821901,0.01089995403335899,5.955699682235718,49,281,28,13,1.3494771278396532e-22,1.3494771278396532e-22,1.0,1.3254514685255554e-22,1.3254514685255554e-22,0.9821963197312134,0.9821963197312134,0.9821963197312134,0.0,4.229732137668537e-24,4.229732137668537e-24,0.0,4.229732137668537e-24,0.03134348889958452,0.031911633417809934,1.28315414714887e-22,1.28315414714887e-22,0.0,1.28315414714887e-22,0.9508528308316289,0.9680883665821901,11
27,176.17621470227868,86.97535657037956,0.6343123039015482,-0.7386819864195343,3.5235242940455738,1.7395071314075912,1.4221672247630522e-22,6.510666117713542e-24,9.781319244653429e-23,0.048308701043144234,0.7257672543089332,0.062408218094271786,0.9375917819057282,0.03567102574629239,5.994550466537476,49,281,28,13,1.3477212131824663e-22,1.3477212131824663e-22,1.0,1.0432385856424783e-22,1.0432385856424783e-22,0.7740759553520773,0.7740759553520773,0.7740759553520773,0.0,6.510666117713542e-24,6.510666117713542e-24,0.0,6.510666117713542e-24,0.048308701043144234,0.062408218094271786,9.781319244653429e-23,9.781319244653429e-23,0.0,9.781319244653429e-23,0.7257672543089332,0.9375917819057282,11
28,181.38668414739317,102.47766368156284,0.6632593563744065,-0.3695794361532656,3.6277336829478632,2.0495532736312567,1.4244358902928979e-22,1.676522433848412e-24,1.2968654877309717e-22,0.012427283099216297,0.9613062272385453,0.01276250942098687,0.9872374905790131,0.01735814389109789,5.998617649078369,49,281,28,13,1.3490659385993537e-22,1.3490659385993537e-22,1.0,1.3136307120694558e-22,1.3136307120694558e-22,0.9737335103377616,0.9737335103377616,0.9737335103377616,0.0,1.676522433848412e-24,1.676522433848412e-24,0.0,1.676522433848412e-24,0.012427283099216297,0.01276250942098687,1.2968654877309717e-22,1.2968654877309717e-22,0.0,1.2968654877309717e-22,0.9613062272385453,0.9872374905790131,11
29,122.30077369822808,109.20253100532085,0.3350042983234894,-0.2094635474923607,2.446015473964562,2.184050620106417,1.41171121356943e-22,6.752311497791307e-24,1.260998756672666e-22,0.05003948681015627,0.9344908135945056,0.0508257458298531,0.9491742541701468,0.0069237011205048144,5.966172695159912,49,281,28,13,1.349396632185449e-22,1.349396632185449e-22,1.0,1.3285218716505792e-22,1.3285218716505792e-22,0.9845303004046619,0.9845303004046619,0.9845303004046619,0.0,6.752311497791307e-24,6.752311497791307e-24,0.0,6.752311497791307e-24,0.05003948681015627,0.0508257458298531,1.260998756672666e-22,1.260998756672666e-22,0.0,1.260998756672666e-22,0.9344908135945056,0.9491742541701468,11
30,149.3658565390617,152.66166211505998,0.48536586966145384,0.8252776694061901,2.987317130781234,3.0532332423011996,1.031760015733594e-22,2.953727116345088e-23,4.056064395159269e-23,0.21947930326996423,0.3013894487887619,0.4213716073434536,0.5786283926565464,0.029880144238355347,6.001615762710571,49,281,28,13,1.345788451274579e-22,1.345788451274579e-22,1.0,7.009791511504357e-23,7.009791511504357e-23,0.5208687520587261,0.5208687520587261,0.5208687520587261,0.0,2.953727116345088e-23,2.953727116345088e-23,0.0,2.953727116345088e-23,0.21947930326996423,0.4213716073434536,4.056064395159269e-23,4.056064395159269e-23,0.0,4.056064395159269e-23,0.3013894487887619,0.5786283926565464,11
31,134.17159140269635,85.71547139245953,0.4009532855705353,-0.7686792525604873,2.683431828053927,1.7143094278491908,8.523406550119552e-23,3.9339490895861485e-23,2.864591067979309e-23,0.2939221269095534,0.2140258250050619,0.5786461502633657,0.42135384973663415,0.05574025447318583,5.9943578243255615,49,281,28,13,1.3384324381936428e-22,1.3384324381936428e-22,1.0,6.798540157565458e-23,6.798540157565458e-23,0.5079479519146153,0.5079479519146153,0.5079479519146153,0.0,3.9339490895861485e-23,3.9339490895861485e-23,0.0,3.9339490895861485e-23,0.2939221269095534,0.5786461502633657,2.864591067979309e-23,2.864591067979309e-23,0.0,2.864591067979309e-23,0.2140258250050619,0.42135384973663415,11
32,118.64935981881939,83.2377668076493,0.31471866566010775,-0.827672218865493,2.3729871963763878,1.6647553361529859,5.387467640530496e-23,2.519642324013847e-23,1.9580041482267338e-23,0.18932054294928363,0.1471202499284568,0.5627157792904175,0.43728422070958256,0.11955762001330611,5.99186110496521,49,281,28,13,1.330886909979349e-22,1.330886909979349e-22,1.0,4.477646472240581e-23,4.477646472240581e-23,0.3364407928777404,0.3364407928777404,0.3364407928777404,0.0,2.519642324013847e-23,2.519642324013847e-23,0.0,2.519642324013847e-23,0.18932054294928363,0.5627157792904175,1.9580041482267338e-23,1.9580041482267338e-23,0.0,1.9580041482267338e-23,0.1471202499284568,0.43728422070958256,11
33,183.6755446600294,123.16617027402387,0.6759752481112744,0.12300405414342547,3.673510893200588,2.4633234054804776,1.4188303254866663e-22,7.686138388617024e-23,2.418493443072973e-23,0.571509428921105,0.17982915953569908,0.7606549666175734,0.23934503338242663,0.05228185174667749,5.9924445152282715,49,281,28,13,1.3448839161108695e-22,1.3448839161108695e-22,1.0,1.0104631831689997e-22,1.0104631831689997e-22,0.7513385884568041,0.7513385884568041,0.7513385884568041,0.0,7.686138388617024e-23,7.686138388617024e-23,0.0,7.686138388617024e-23,0.571509428921105,0.7606549666175734,2.418493443072973e-23,2.418493443072973e-23,0.0,2.418493443072973e-23,0.17982915953569908,0.23934503338242663,11
34,146.39589536382684,156.92499423146538,0.46886608535459356,0.9267855769396518,2.927917907276537,3.1384998846293075,6.760791727822626e-23,7.771509981195279e-24,4.625524678672517e-23,0.05802975120471677,0.34538725028229356,0.14384557663860698,0.8561544233613931,0.06432268962520654,5.978396892547607,49,281,28,13,1.339228554294335e-22,1.339228554294335e-22,1.0,5.402675676792044e-23,5.402675676792044e-23,0.4034170014870103,0.4034170014870103,0.4034170014870103,0.0,7.771509981195279e-24,7.771509981195279e-24,0.0,7.771509981195279e-24,0.05802975120471677,0.14384557663860698,4.625524678672517e-23,4.625524678672517e-23,0.0,4.625524678672517e-23,0.34538725028229356,0.8561544233613931,11
35,123.81530399696753,152.20943060557062,0.3434183555387085,0.8145102525135861,2.476306079939351,3.044188612111413,5.992420537228456e-23,1.9112083215052323e-23,3.2760923918179724e-23,0.14341157135324004,0.24582854339969643,0.368439854777733,0.631560145222267,0.10262479272515672,6.08261775970459,49,281,28,13,1.332673719052764e-22,1.332673719052764e-22,1.0,5.187300713323205e-23,5.187300713323205e-23,0.38924011475293646,0.38924011475293646,0.38924011475293646,0.0,1.9112083215052323e-23,1.9112083215052323e-23,0.0,1.9112083215052323e-23,0.14341157135324004,0.368439854777733,3.2760923918179724e-23,3.2760923918179724e-23,0.0,3.2760923918179724e-23,0.24582854339969643,0.631560145222267,11
36,165.86898858207286,134.8205008539043,0.5770499365670715,0.4004881155691498,3.3173797716414573,2.696410017078086,1.425006842763007e-22,1.3033687153501095e-22,2.1391377661930486e-24,0.9657611300761038,0.01585043497006242,0.9838526403574749,0.016147359642525158,0.005466159343983154,6.005756378173828,49,281,28,13,1.3495766963072966e-22,1.3495766963072966e-22,1.0,1.3247600930120399e-22,1.3247600930120399e-22,0.9816115650461661,0.9816115650461661,0.9816115650461661,0.0,1.3033687153501095e-22,1.3033687153501095e-22,0.0,1.3033687153501095e-22,0.9657611300761038,0.9838526403574749,2.1391377661930486e-24,2.1391377661930486e-24,0.0,2.1391377661930486e-24,0.01585043497006242,0.016147359642525158,11
37,128.17728222304305,81.60706271823504,0.36765156790579473,-0.8664985067086894,2.563545644460861,1.6321412543647007,5.822203388990505e-23,3.909591949257625e-23,1.0790466243610682e-23,0.29467354420317343,0.08132984139721372,0.7836991779546094,0.2163008220453906,0.1036615919067548,6.002779006958008,49,281,28,13,1.3267536316602668e-22,1.3267536316602668e-22,1.0,4.988638573618693e-23,4.988638573618693e-23,0.37600338560038715,0.37600338560038715,0.37600338560038715,0.0,3.909591949257625e-23,3.909591949257625e-23,0.0,3.909591949257625e-23,0.29467354420317343,0.7836991779546094,1.0790466243610682e-23,1.0790466243610682e-23,0.0,1.0790466243610682e-23,0.08132984139721372,0.2163008220453906,11
38,184.11448629505415,143.7377196395947,0.6784138127503009,0.6128028485617786,3.682289725901083,2.8747543927918944,1.4238651861200505e-22,1.242034075897329e-22,2.107836901093283e-24,0.9209976726434426,0.015630109655536985,0.9833123574263701,0.016687642573629875,0.02093539574057592,6.015681982040405,49,281,28,13,1.3485746085898886e-22,1.3485746085898886e-22,1.0,1.2631124449082618e-22,1.2631124449082618e-22,0.9366277822989796,0.9366277822989796,0.9366277822989796,0.0,1.242034075897329e-22,1.242034075897329e-22,0.0,1.242034075897329e-22,0.9209976726434426,0.9833123574263701,2.107836901093283e-24,2.107836901093283e-24,0.0,2.107836901093283e-24,0.015630109655536985,0.016687642573629875,11
39,129.37186059348227,133.40347794010125,0.37428811440823484,0.3667494747643156,2.5874372118696454,2.668069558802025,1.3652369962105558e-22,1.2079970071573278e-22,6.290856314528496e-24,0.8955684564069974,0.04663829832110459,0.9505009934527977,0.049499006547202344,0.02200478272574895,5.9896063804626465,49,281,28,13,1.3488606019061764e-22,1.3488606019061764e-22,1.0,1.2709055703026128e-22,1.2709055703026128e-22,0.942206754728102,0.942206754728102,0.942206754728102,0.0,1.2079970071573278e-22,1.2079970071573278e-22,0.0,1.2079970071573278e-22,0.8955684564069974,0.9505009934527977,6.290856314528496e-24,6.290856314528496e-24,0.0,6.290856314528496e-24,0.04663829832110459,0.049499006547202344,11
40,114.64597499019429,88.09014009707799,0.29247763883441275,-0.7121395214981431,2.2929194998038858,1.76180280194156,6.856201886053588e-23,2.0873295035871508e-23,3.402455050643087e-23,0.1571001593369476,0.2560813851738446,0.3802206594753754,0.6197793405246246,0.10039642555648584,5.920013904571533,49,281,28,13,1.32866160823571e-22,1.32866160823571e-22,1.0,5.489784554230238e-23,5.489784554230238e-23,0.4131815445107922,0.4131815445107922,0.4131815445107922,0.0,2.0873295035871508e-23,2.0873295035871508e-23,0.0,2.0873295035871508e-23,0.1571001593369476,0.3802206594753754,3.402455050643087e-23,3.402455050643087e-23,0.0,3.402455050643087e-23,0.2560813851738446,0.6197793405246246,11
41,128.06151633289755,115.0552729862992,0.36700842407165307,-0.07011254794525712,2.5612303266579515,2.301105459725984,1.4236681578214472e-22,3.753065318167937e-23,8.936492645708538e-23,0.27822706042787476,0.6624915551868237,0.2957601304042139,0.7042398695957861,0.015978695207060186,6.003490686416626,49,281,28,13,1.3489217448497788e-22,1.3489217448497788e-22,1.0,1.2689557963876474e-22,1.2689557963876474e-22,0.9407186156146985,0.9407186156146985,0.9407186156146985,0.0,3.753065318167937e-23,3.753065318167937e-23,0.0,3.753065318167937e-23,0.27822706042787476,0.2957601304042139,8.936492645708538e-23,8.936492645708538e-23,0.0,8.936492645708538e-23,0.6624915551868237,0.7042398695957861,11
42,139.65982990045117,80.14310305188086,0.43144349944695093,-0.901354689240932,2.793196598009023,1.6028620610376172,6.642293877697927e-23,4.717057894287201e-23,6.2698171714583396e-24,0.3521667496450904,0.04680928628871778,0.8826764465210045,0.11732355347899551,0.07024910426909657,5.994976758956909,49,281,28,13,1.339438745719463e-22,1.339438745719463e-22,1.0,5.344039611433034e-23,5.344039611433034e-23,0.39897603593380815,0.39897603593380815,0.39897603593380815,0.0,4.717057894287201e-23,4.717057894287201e-23,0.0,4.717057894287201e-23,0.3521667496450904,0.8826764465210045,6.2698171714583396e-24,6.2698171714583396e-24,0.0,6.2698171714583396e-24,0.04680928628871778,0.11732355347899551,11
43,149.5126530737988,143.35758108391056,0.4861814059655488,0.6037519305692991,2.9902530614759755,2.8671516216782114,1.329149893596544e-22,8.810780158199516e-23,1.969502235787329e-23,0.65302845239436,0.14597356578310705,0.8173051350782886,0.18269486492171125,0.011460720059739563,5.924318790435791,49,281,28,13,1.3492184185688035e-22,1.3492184185688035e-22,1.0,1.0780282393986846e-22,1.0780282393986846e-22,0.7990020181774672,0.7990020181774672,0.7990020181774672,0.0,8.810780158199516e-23,8.810780158199516e-23,0.0,8.810780158199516e-23,0.65302845239436,0.8173051350782886,1.969502235787329e-23,1.969502235787329e-23,0.0,1.969502235787329e-23,0.14597356578310705,0.18269486492171125,11
44,184.49074711164485,136.36527424381575,0.6805041506202492,0.43726843437656543,3.689814942232897,2.727305484876315,1.4245822017976941e-22,1.3144055497980374e-22,1.191905515785533e-24,0.9740951193009006,0.008833113537696993,0.991013470523491,0.008986529476509034,0.01553596229962366,6.002999305725098,49,281,28,13,1.349360574500542e-22,1.349360574500542e-22,1.0,1.3263246049558927e-22,1.3263246049558927e-22,0.9829282328385976,0.9829282328385976,0.9829282328385976,0.0,1.3144055497980374e-22,1.3144055497980374e-22,0.0,1.3144055497980374e-22,0.9740951193009006,0.991013470523491,1.191905515785533e-24,1.191905515785533e-24,0.0,1.191905515785533e-24,0.008833113537696993,0.008986529476509034,11
45,167.7888870989038,143.58876039311644,0.5877160394383545,0.6092561998361058,3.355777741978076,2.8717752078623286,1.4214216611574258e-22,1.082951057029004e-22,9.652241290051393e-24,0.8033351094409192,0.07160050551468206,0.9181648291705264,0.08183517082947346,0.025449099221643613,5.98004674911499,49,281,28,13,1.3480688747472812e-22,1.3480688747472812e-22,1.0,1.179473469929518e-22,1.179473469929518e-22,0.8749356149556013,0.8749356149556013,0.8749356149556013,0.0,1.082951057029004e-22,1.082951057029004e-22,0.0,1.082951057029004e-22,0.8033351094409192,0.9181648291705264,9.652241290051393e-24,9.652241290051393e-24,0.0,9.652241290051393e-24,0.07160050551468206,0.08183517082947346,11
46,139.14565285939563,139.8749138120949,0.4285869603299757,0.5208312812403545,2.7829130571879124,2.797498276241898,1.2907764788359387e-22,9.245718661116063e-23,1.777689797381405e-23,0.6860137561463446,0.1319010127675075,0.8387350152111018,0.1612649847888981,0.017848318409534887,5.9988298416137695,49,281,28,13,1.3477453736574504e-22,1.3477453736574504e-22,1.0,1.1023408458497468e-22,1.1023408458497468e-22,0.8179147689138521,0.8179147689138521,0.8179147689138521,0.0,9.245718661116063e-23,9.245718661116063e-23,0.0,9.245718661116063e-23,0.6860137561463446,0.8387350152111018,1.777689797381405e-23,1.777689797381405e-23,0.0,1.777689797381405e-23,0.1319010127675075,0.1612649847888981,11
47,113.35017720779983,98.44963646486659,0.2852787622655546,-0.4654848460746051,2.2670035441559966,1.9689927292973317,1.1223200598896674e-22,1.8920911956136476e-23,7.841982806733207e-23,0.14077357085171108,0.5834517515967423,0.19437813963171746,0.8056218603682825,0.03953596625862593,6.007214307785034,49,281,28,13,1.3440670604333468e-22,1.3440670604333468e-22,1.0,9.734074002346855e-23,9.734074002346855e-23,0.7242253224484534,0.7242253224484534,0.7242253224484534,0.0,1.8920911956136476e-23,1.8920911956136476e-23,0.0,1.8920911956136476e-23,0.14077357085171108,0.19437813963171746,7.841982806733207e-23,7.841982806733207e-23,0.0,7.841982806733207e-23,0.5834517515967423,0.8056218603682825,11
48,124.78589552839848,142.33820321745492,0.3488105307133249,0.5794810289870218,2.4957179105679694,2.8467640643490983,1.064403497557255e-22,6.770624499422355e-23,2.273659229473037e-23,0.5024803790524939,0.1687391098944099,0.7486081487902717,0.2513918512097283,0.029914756916609435,6.001910924911499,49,281,28,13,1.347440573140276e-22,1.347440573140276e-22,1.0,9.044283728895392e-23,9.044283728895392e-23,0.6712194889469038,0.6712194889469038,0.6712194889469038,0.0,6.770624499422355e-23,6.770624499422355e-23,0.0,6.770624499422355e-23,0.5024803790524939,0.7486081487902717,2.273659229473037e-23,2.273659229473037e-23,0.0,2.273659229473037e-23,0.1687391098944099,0.2513918512097283,11
49,191.71487004317365,96.93033425731414,0.7206381669065203,-0.501658708159187,3.834297400863473,1.9386066851462829,1.4243977713566147e-22,9.394373983820048e-25,1.335952810992875e-22,0.0069630452635135575,0.9901990179316827,0.006982862185111557,0.9930171378148884,0.006444981868787606,6.021856069564819,49,281,28,13,1.3491760613774381e-22,1.3491760613774381e-22,1.0,1.3453471849766951e-22,1.3453471849766951e-22,0.9971620631951964,0.9971620631951964,0.9971620631951964,0.0,9.394373983820048e-25,9.394373983820048e-25,0.0,9.394373983820048e-25,0.0069630452635135575,0.006982862185111557,1.335952810992875e-22,1.335952810992875e-22,0.0,1.335952810992875e-22,0.9901990179316827,0.9930171378148884,11
50,148.77727839145476,87.58322014665701,0.48209599106363754,-0.724209044127214,2.975545567829095,1.7516644029331403,1.215906158279666e-22,3.0585843628782586e-23,5.840293075075101e-23,0.22698588574757475,0.43342407447079284,0.3437045160138421,0.6562954839861579,0.026567994410091857,5.9881086349487305,49,281,28,13,1.3474777750188542e-22,1.3474777750188542e-22,1.0,8.89887743795336e-23,8.89887743795336e-23,0.6604099602183676,0.6604099602183676,0.6604099602183676,0.0,3.0585843628782586e-23,3.0585843628782586e-23,0.0,3.0585843628782586e-23,0.22698588574757475,0.3437045160138421,5.840293075075101e-23,5.840293075075101e-23,0.0,5.840293075075101e-23,0.43342407447079284,0.6562954839861579,11
51,167.28319330550073,108.79276282316842,0.584906629475004,-0.21921993278170437,3.345663866110015,2.175855256463368,1.423708740290617e-22,1.3507646633404652e-23,1.113073556421308e-22,0.10011580654087214,0.8249864677748702,0.10822133867838928,0.8917786613216107,0.02301221744605832,5.9906604290008545,49,281,28,13,1.3492021989444967e-22,1.3492021989444967e-22,1.0,1.2481500227553546e-22,1.2481500227553546e-22,0.9251022743157424,0.9251022743157424,0.9251022743157424,0.0,1.3507646633404652e-23,1.3507646633404652e-23,0.0,1.3507646633404652e-23,0.10011580654087214,0.10822133867838928,1.113073556421308e-22,1.113073556421308e-22,0.0,1.113073556421308e-22,0.8249864677748702,0.8917786613216107,11
52,116.37344491214704,117.81858964284636,0.30207469395637243,-0.004319294217943758,2.3274688982429406,2.3563717928569274,1.4235074385951203e-22,6.33401365958409e-23,6.416590420530301e-23,0.46959331166285245,0.47571541633821074,0.49676184906897874,0.5032381509310212,0.019244026462155846,5.9874701499938965,49,281,28,13,1.3488296153867788e-22,1.3488296153867788e-22,1.0,1.2750604080114393e-22,1.2750604080114393e-22,0.9453087280010632,0.9453087280010632,0.9453087280010632,0.0,6.33401365958409e-23,6.33401365958409e-23,0.0,6.33401365958409e-23,0.46959331166285245,0.49676184906897874,6.416590420530301e-23,6.416590420530301e-23,0.0,6.416590420530301e-23,0.47571541633821074,0.5032381509310212,11
53,114.72402231576301,100.00906040150554,0.2929112350875723,-0.42835570472605866,2.2944804463152604,2.000181208030111,1.2174317994539727e-22,1.4724997096959523e-23,9.439682610581788e-23,0.10938926302548181,0.7012564533402954,0.13494090058957828,0.8650590994104217,0.03298150078512787,5.980329275131226,49,281,28,13,1.346109909665393e-22,1.346109909665393e-22,1.0,1.0912182320277741e-22,1.0912182320277741e-22,0.8106457163657772,0.8106457163657772,0.8106457163657772,0.0,1.4724997096959523e-23,1.4724997096959523e-23,0.0,1.4724997096959523e-23,0.10938926302548181,0.13494090058957828,9.439682610581788e-23,9.439682610581788e-23,0.0,9.439682610581788e-23,0.7012564533402954,0.8650590994104217,11
54,179.6712085156046,126.88576398252908,0.6537289361978034,0.21156580910783535,3.593424170312092,2.5377152796505817,1.4197646192421215e-22,1.047442051618371e-22,1.208424234321186e-23,0.7786633660406,0.08983367437346318,0.8965642135859966,0.10343578641400347,0.036065313990544245,5.994067192077637,49,281,28,13,1.345179569631579e-22,1.345179569631579e-22,1.0,1.1682844750504895e-22,1.1682844750504895e-22,0.8684970404140632,0.8684970404140632,0.8684970404140632,0.0,1.047442051618371e-22,1.047442051618371e-22,0.0,1.047442051618371e-22,0.7786633660406,0.8965642135859966,1.208424234321186e-23,1.208424234321186e-23,0.0,1.208424234321186e-23,0.08983367437346318,0.10343578641400347,11
55,159.03055525334884,126.61031325358914,0.5390586402963824,0.20500745841878906,3.1806111050669768,2.5322062650717827,1.4229794137126652e-22,1.1510112717466355e-22,1.2819771572173826e-23,0.8538248192716773,0.0950975843104075,0.8997836030096624,0.10021639699033753,0.02489889368084573,5.998564958572388,49,281,28,13,1.3480649025036093e-22,1.3480649025036093e-22,1.0,1.2792089874683738e-22,1.2792089874683738e-22,0.9489224035820849,0.9489224035820849,0.9489224035820849,0.0,1.1510112717466355e-22,1.1510112717466355e-22,0.0,1.1510112717466355e-22,0.8538248192716773,0.8997836030096624,1.2819771572173826e-23,1.2819771572173826e-23,0.0,1.2819771572173826e-23,0.0950975843104075,0.10021639699033753,11
56,136.69677945636496,96.14468329000258,0.41498210809091646,-0.5203646835713672,2.733935589127299,1.9228936658000515,1.2805652973782053e-22,1.8884834850542708e-23,9.002743529181616e-23,0.14007523994782242,0.6677640922036342,0.1733949244273249,0.8266050755726753,0.0169490962194695,5.924858570098877,49,281,28,13,1.34819221852322e-22,1.34819221852322e-22,1.0,1.0891227014235886e-22,1.0891227014235886e-22,0.8078393321514565,0.8078393321514565,0.8078393321514565,0.0,1.8884834850542708e-23,1.8884834850542708e-23,0.0,1.8884834850542708e-23,0.14007523994782242,0.1733949244273249,9.002743529181616e-23,9.002743529181616e-23,0.0,9.002743529181616e-23,0.6677640922036342,0.8266050755726753,11
57,137.390131062507,128.2956689779425,0.41883406145837226,0.2451349756652979,2.7478026212501403,2.5659133795588502,1.4169893649709267e-22,1.2594396461569662e-22,7.477413233064403e-24,0.93354105507689,0.055425222321219936,0.9439564082336162,0.05604359176638378,0.007375659236154144,5.967841386795044,49,281,28,13,1.3490993666617414e-22,1.3490993666617414e-22,1.0,1.3342137784876103e-22,1.3342137784876103e-22,0.9889662773981099,0.9889662773981099,0.9889662773981099,0.0,1.2594396461569662e-22,1.2594396461569662e-22,0.0,1.2594396461569662e-22,0.93354105507689,0.9439564082336162,7.477413233064403e-24,7.477413233064403e-24,0.0,7.477413233064403e-24,0.055425222321219936,0.05604359176638378,11
58,119.1389803534199,106.00924507455082,0.31743877974122164,-0.2854941648916472,2.382779607068398,2.120184901491016,1.3784806342492437e-22,4.33229487200718e-24,1.2591021923529935e-22,0.03212873541548519,0.9337628761272285,0.03326329272512209,0.9667367072748779,0.005862020893476464,6.021382570266724,49,281,28,13,1.3484174885760144e-22,1.3484174885760144e-22,1.0,1.3024251410730653e-22,1.3024251410730653e-22,0.9658916115427137,0.9658916115427137,0.9658916115427137,0.0,4.33229487200718e-24,4.33229487200718e-24,0.0,4.33229487200718e-24,0.03212873541548519,0.03326329272512209,1.2591021923529935e-22,1.2591021923529935e-22,0.0,1.2591021923529935e-22,0.9337628761272285,0.9667367072748779,11
59,125.81356808868604,137.713926286915,0.35451982271492244,0.4693791973075003,2.516271361773721,2.7542785257383002,1.230515521152005e-22,9.007565945065613e-23,1.7651244131375724e-23,0.6677022400983559,0.13084306369690063,0.8361482271888131,0.16385177281118696,0.01632229574628677,6.001767635345459,49,281,28,13,1.3490393477995152e-22,1.3490393477995152e-22,1.0,1.0772690358203184e-22,1.0772690358203184e-22,0.7985453037952563,0.7985453037952563,0.7985453037952563,0.0,9.007565945065613e-23,9.007565945065613e-23,0.0,9.007565945065613e-23,0.6677022400983559,0.8361482271888131,1.7651244131375724e-23,1.7651244131375724e-23,0.0,1.7651244131375724e-23,0.13084306369690063,0.16385177281118696,11
60,113.9668885972149,100.39510793598959,0.2887049366511939,-0.4191640967621527,2.279337771944298,2.007902158719792,1.2067232159506017e-22,1.4893803404245528e-23,9.338419458816897e-23,0.11071255395054141,0.6941680644531272,0.13755152182707447,0.8624484781729256,0.03931957480388639,5.936791896820068,49,281,28,13,1.3452678014183497e-22,1.3452678014183497e-22,1.0,1.0827799799241448e-22,1.0827799799241448e-22,0.8048806184036685,0.8048806184036685,0.8048806184036685,0.0,1.4893803404245528e-23,1.4893803404245528e-23,0.0,1.4893803404245528e-23,0.11071255395054141,0.13755152182707447,9.338419458816897e-23,9.338419458816897e-23,0.0,9.338419458816897e-23,0.6941680644531272,0.8624484781729256,11
61,179.12998786982251,143.09864802259114,0.6507221548323473,0.5975868576807413,3.5825997573964505,2.8619729604518227,1.4239103665563755e-22,1.2419030100386653e-22,3.234489908407443e-24,0.920205010563031,0.023966395091025838,0.9746164785890506,0.025383521410949288,0.0088467963725041,5.992810249328613,49,281,28,13,1.349593835920109e-22,1.349593835920109e-22,1.0,1.2742479091227398e-22,1.2742479091227398e-22,0.9441714056540568,0.9441714056540568,0.9441714056540568,0.0,1.2419030100386653e-22,1.2419030100386653e-22,0.0,1.2419030100386653e-22,0.920205010563031,0.9746164785890506,3.234489908407443e-24,3.234489908407443e-24,0.0,3.234489908407443e-24,0.023966395091025838,0.025383521410949288,11
62,149.30425577625323,110.86928039437439,0.48502364320140684,-0.1697790382291813,2.9860851155250647,2.2173856078874876,1.4243904358301742e-22,1.90355430712036e-23,1.0909950345618426e-22,0.14105452943268093,0.8084339419047732,0.14855844351010478,0.8514415564898952,0.00972152780922762,6.001774072647095,49,281,28,13,1.3495166123175377e-22,1.3495166123175377e-22,1.0,1.2813504652738787e-22,1.2813504652738787e-22,0.9494884713374542,0.9494884713374542,0.9494884713374542,0.0,1.90355430712036e-23,1.90355430712036e-23,0.0,1.90355430712036e-23,0.14105452943268093,0.14855844351010478,1.0909950345618426e-22,1.0909950345618426e-22,0.0,1.0909950345618426e-22,0.8084339419047732,0.8514415564898952,11
63,122.17623328468244,122.4721796918153,0.3343124071371247,0.10648046885274522,2.4435246656936487,2.449443593836306,1.4237249399034024e-22,9.997584407143359e-23,2.9333655870741366e-23,0.7408240195844605,0.2173632746300485,0.7731515790884746,0.22684842091152535,0.009826497164047583,5.956259250640869,49,281,28,13,1.3495221729920632e-22,1.3495221729920632e-22,1.0,1.2930949994217495e-22,1.2930949994217495e-22,0.958187294214509,0.958187294214509,0.958187294214509,0.0,9.997584407143359e-23,9.997584407143359e-23,0.0,9.997584407143359e-23,0.7408240195844605,0.7731515790884746,2.9333655870741366e-23,2.9333655870741366e-23,0.0,2.9333655870741366e-23,0.2173632746300485,0.22684842091152535,11
64,171.13974992269536,132.56109102179494,0.6063319440149743,0.3466926433760699,3.4227949984539072,2.651221820435899,1.4240542490209004e-22,1.2931286728658768e-22,2.6054004361412443e-24,0.958469965649027,0.019311288342217958,0.9802498889568699,0.01975011104312997,0.012191826528683468,6.002256631851196,49,281,28,13,1.349159305153851e-22,1.349159305153851e-22,1.0,1.3191826772272893e-22,1.3191826772272893e-22,0.977781253991245,0.977781253991245,0.977781253991245,0.0,1.2931286728658768e-22,1.2931286728658768e-22,0.0,1.2931286728658768e-22,0.958469965649027,0.9802498889568699,2.6054004361412443e-24,2.6054004361412443e-24,0.0,2.6054004361412443e-24,0.019311288342217958,0.01975011104312997,11
65,127.65222639562568,119.54369954212149,0.3647345910868093,0.036754751002892556,2.5530445279125136,2.39087399084243,1.4253497803209176e-22,8.112216754495406e-23,4.533642803164534e-23,0.6011481668618789,0.33596132140066737,0.6414919221194115,0.3585080778805885,0.007714359557972142,6.003180503845215,49,281,28,13,1.3494537955331213e-22,1.3494537955331213e-22,1.0,1.264585955765994e-22,1.264585955765994e-22,0.9371094882625463,0.9371094882625463,0.9371094882625463,0.0,8.112216754495406e-23,8.112216754495406e-23,0.0,8.112216754495406e-23,0.6011481668618789,0.6414919221194115,4.533642803164534e-23,4.533642803164534e-23,0.0,4.533642803164534e-23,0.33596132140066737,0.3585080778805885,11
66,116.95361881187621,97.63992589679526,0.30529788228820115,-0.4847636691239223,2.339072376237524,1.952798517935905,1.1619884419081553e-22,1.8250498302496125e-23,8.285984794278797e-23,0.13573495288437815,0.6162559164197073,0.18050079917857417,0.8194992008214258,0.035277244357818,5.986001253128052,49,281,28,13,1.344568802262913e-22,1.344568802262913e-22,1.0,1.011103462452841e-22,1.011103462452841e-22,0.7519908693040855,0.7519908693040855,0.7519908693040855,0.0,1.8250498302496125e-23,1.8250498302496125e-23,0.0,1.8250498302496125e-23,0.13573495288437815,0.18050079917857417,8.285984794278797e-23,8.285984794278797e-23,0.0,8.285984794278797e-23,0.6162559164197073,0.8194992008214258,11
67,159.87136858592305,158.26805326561495,0.5437298254773503,0.9587631729908322,3.197427371718461,3.1653610653122994,1.047457700515431e-22,2.202438322732091e-23,3.272858779253077e-23,0.16430422189015276,0.24415871696895838,0.40225001158997514,0.5977499884100248,0.07151291739200327,5.983664512634277,49,281,28,13,1.3404636213210354e-22,1.3404636213210354e-22,1.0,5.475297101985168e-23,5.475297101985168e-23,0.40846293885911117,0.40846293885911117,0.40846293885911117,0.0,2.202438322732091e-23,2.202438322732091e-23,0.0,2.202438322732091e-23,0.16430422189015276,0.40225001158997514,3.272858779253077e-23,3.272858779253077e-23,0.0,3.272858779253077e-23,0.24415871696895838,0.5977499884100248,11
68,183.66062013930252,84.0686541785369,0.6758923341072363,-0.8078891862253118,3.6732124027860507,1.6813730835707381,1.4211264895578384e-22,5.096136678832515e-24,8.65232178836174e-23,0.03783683408427585,0.6424012631172354,0.05562292708969989,0.9443770729103,0.03441241272678835,6.0164759159088135,49,281,28,13,1.3468718517732318e-22,1.3468718517732318e-22,1.0,9.161935456244992e-23,9.161935456244992e-23,0.6802380972015113,0.6802380972015113,0.6802380972015113,0.0,5.096136678832515e-24,5.096136678832515e-24,0.0,5.096136678832515e-24,0.03783683408427585,0.05562292708969989,8.65232178836174e-23,8.65232178836174e-23,0.0,8.65232178836174e-23,0.6424012631172354,0.9443770729103,11
69,114.15547291077623,103.29358879379048,0.28975262728209017,-0.3501526477668934,2.2831094582155247,2.0658717758758094,1.2993001888122988e-22,8.705356784369416e-24,1.1194343205330036e-22,0.06453847284268627,0.8299094831427232,0.07215453108345976,0.9278454689165403,0.0034421016627802364,5.980644702911377,49,281,28,13,1.3488631510678732e-22,1.3488631510678732e-22,1.0,1.2064878883766977e-22,1.2064878883766977e-22,0.8944479559854094,0.8944479559854094,0.8944479559854094,0.0,8.705356784369416e-24,8.705356784369416e-24,0.0,8.705356784369416e-24,0.06453847284268627,0.07215453108345976,1.1194343205330036e-22,1.1194343205330036e-22,0.0,1.1194343205330036e-22,0.8299094831427232,0.9278454689165403,11
70,176.41087919133355,122.12543303892474,0.6356159955074087,0.09822459616487476,3.528217583826671,2.4425086607784947,1.421383970010631e-22,7.498242735928059e-23,3.052014642492095e-23,0.5566270181657034,0.22656425907745367,0.7107165699355557,0.2892834300644444,0.03858222593737908,5.985909461975098,49,281,28,13,1.3470856590177038e-22,1.3470856590177038e-22,1.0,1.0550257378420153e-22,1.0550257378420153e-22,0.783191277243157,0.783191277243157,0.783191277243157,0.0,7.498242735928059e-23,7.498242735928059e-23,0.0,7.498242735928059e-23,0.5566270181657034,0.7107165699355557,3.052014642492095e-23,3.052014642492095e-23,0.0,3.052014642492095e-23,0.22656425907745367,0.2892834300644444,11
71,127.21360133826727,78.41083967008949,0.3622977852125959,-0.9425990554740599,2.5442720267653454,1.5682167934017899,4.806088426066018e-23,3.5519281112963426e-23,5.321048516796567e-24,0.26713931852273815,0.04001942691584129,0.8697109312036707,0.13028906879632934,0.0945810702691906,6.003039836883545,49,281,28,13,1.3296163705658373e-22,1.3296163705658373e-22,1.0,4.084032962975999e-23,4.084032962975999e-23,0.3071587454385794,0.3071587454385794,0.3071587454385794,0.0,3.5519281112963426e-23,3.5519281112963426e-23,0.0,3.5519281112963426e-23,0.26713931852273815,0.8697109312036707,5.321048516796567e-24,5.321048516796567e-24,0.0,5.321048516796567e-24,0.04001942691584129,0.13028906879632934,11
72,119.43211373092377,89.01269923173015,0.3190672985051321,-0.6901738278159487,2.3886422746184754,1.780253984634603,7.782121089142831e-23,2.5880378606839615e-23,3.724790671479954e-23,0.1933746133884917,0.27831121290479977,0.40996485925411824,0.5900351407458817,0.07311602007940485,5.998571872711182,49,281,28,13,1.3383545106226354e-22,1.3383545106226354e-22,1.0,6.312828532163915e-23,6.312828532163915e-23,0.4716858262932915,0.4716858262932915,0.4716858262932915,0.0,2.5880378606839615e-23,2.5880378606839615e-23,0.0,2.5880378606839615e-23,0.1933746133884917,0.40996485925411824,3.724790671479954e-23,3.724790671479954e-23,0.0,3.724790671479954e-23,0.27831121290479977,0.5900351407458817,11
73,113.43696285220449,143.13821115909025,0.28576090473446936,0.5985288371211963,2.2687392570440896,2.862764223181805,8.930097804078832e-23,5.2018709843584417e-23,2.118764883223505e-23,0.38966204983656444,0.15871256130748185,0.7105763868674229,0.2894236131325771,0.07446065644034969,5.997411727905273,49,281,28,13,1.334969876214596e-22,1.334969876214596e-22,1.0,7.320635867581947e-23,7.320635867581947e-23,0.5483746111440463,0.5483746111440463,0.5483746111440463,0.0,5.2018709843584417e-23,5.2018709843584417e-23,0.0,5.2018709843584417e-23,0.38966204983656444,0.7105763868674229,2.118764883223505e-23,2.118764883223505e-23,0.0,2.118764883223505e-23,0.15871256130748185,0.2894236131325771,11
74,135.43800536096688,141.8404080875855,0.40798891867203824,0.567628763990131,2.7087601072193377,2.83680816175171,1.19858652485425e-22,7.542229923357855e-23,2.4352239873607178e-23,0.5597123431247497,0.18071908942712725,0.755927312804261,0.2440726871957391,0.01205395744589407,6.082731485366821,49,281,28,13,1.347518956121507e-22,1.347518956121507e-22,1.0,9.977453910718572e-23,9.977453910718572e-23,0.7404314325518769,0.7404314325518769,0.7404314325518769,0.0,7.542229923357855e-23,7.542229923357855e-23,0.0,7.542229923357855e-23,0.5597123431247497,0.755927312804261,2.4352239873607178e-23,2.4352239873607178e-23,0.0,2.4352239873607178e-23,0.18071908942712725,0.2440726871957391,11
75,170.16893951855346,129.50517735834097,0.6009385528808525,0.27393279424621364,3.4033787903710695,2.5901035471668195,1.4234914843299728e-22,1.228355827884067e-22,6.249670689603692e-24,0.9106796286884401,0.046333868850015995,0.951584936921797,0.048415063078202966,0.017640734378811425,6.021710395812988,49,281,28,13,1.3488341994134026e-22,1.3488341994134026e-22,1.0,1.290852534780104e-22,1.290852534780104e-22,0.9570134975384562,0.9570134975384562,0.9570134975384562,0.0,1.228355827884067e-22,1.228355827884067e-22,0.0,1.228355827884067e-22,0.9106796286884401,0.951584936921797,6.249670689603692e-24,6.249670689603692e-24,0.0,6.249670689603692e-24,0.046333868850015995,0.048415063078202966,11
76,151.45431608064936,151.75117144792858,0.49696842267027425,0.8035993201887758,3.0290863216129873,3.0350234289585716,1.1258853718480548e-22,3.819243664941659e-23,3.693050388206942e-23,0.28378985397899587,0.2744130310476882,0.5083991172231754,0.4916008827768246,0.03318638705194258,6.016265630722046,49,281,28,13,1.3457999330815868e-22,1.3457999330815868e-22,1.0,7.5122940531486e-23,7.5122940531486e-23,0.558202885026684,0.558202885026684,0.558202885026684,0.0,3.819243664941659e-23,3.819243664941659e-23,0.0,3.819243664941659e-23,0.28378985397899587,0.5083991172231754,3.693050388206942e-23,3.693050388206942e-23,0.0,3.693050388206942e-23,0.2744130310476882,0.4916008827768246,11
77,180.2335995563622,139.46396588031268,0.6568533308686789,0.5110468066741115,3.6046719911272445,2.789279317606254,1.4241209052078857e-22,1.3107849845307381e-22,1.7152850024364143e-24,0.9714329200910518,0.012712110211589918,0.987083092613209,0.012916907386791075,0.009086395303103756,5.998603820800781,49,281,28,13,1.3493314437067657e-22,1.3493314437067657e-22,1.0,1.3279378345551022e-22,1.3279378345551022e-22,0.9841450303026417,0.9841450303026417,0.9841450303026417,0.0,1.3107849845307381e-22,1.3107849845307381e-22,0.0,1.3107849845307381e-22,0.9714329200910518,0.987083092613209,1.7152850024364143e-24,1.7152850024364143e-24,0.0,1.7152850024364143e-24,0.012712110211589918,0.012916907386791075,11
78,129.37690428171922,101.09789522370939,0.3743161348984401,-0.40243106610215745,2.5875380856343844,2.0219579044741876,1.3352064869170393e-22,1.0195029345782327e-23,1.1117046075470292e-22,0.07556594744865282,0.8239997071423598,0.08400270404166205,0.9159972959583379,0.023634434019264804,6.01607608795166,49,281,28,13,1.3491565566235857e-22,1.3491565566235857e-22,1.0,1.2136549010048525e-22,1.2136549010048525e-22,0.8995656545910127,0.8995656545910127,0.8995656545910127,0.0,1.0195029345782327e-23,1.0195029345782327e-23,0.0,1.0195029345782327e-23,0.07556594744865282,0.08400270404166205,1.1117046075470292e-22,1.1117046075470292e-22,0.0,1.1117046075470292e-22,0.8239997071423598,0.9159972959583379,11
79,137.21461977147453,130.168788201862,0.41785899873041404,0.28973305242528535,2.7442923954294907,2.60337576403724,1.4092051696712628e-22,1.2859921997479188e-22,4.608184590988824e-24,0.9531834197474807,0.034156079236929926,0.9654059426650476,0.03459405733495245,0.012831457346196218,6.035926818847656,49,281,28,13,1.349155024212031e-22,1.349155024212031e-22,1.0,1.332074045657807e-22,1.332074045657807e-22,0.9873394989844106,0.9873394989844106,0.9873394989844106,0.0,1.2859921997479188e-22,1.2859921997479188e-22,0.0,1.2859921997479188e-22,0.9531834197474807,0.9654059426650476,4.608184590988824e-24,4.608184590988824e-24,0.0,4.608184590988824e-24,0.034156079236929926,0.03459405733495245,11
80,132.65126814836708,104.56691860617326,0.392507045268706,-0.31983527128158906,2.653025362967342,2.0913383721234653,1.3972831107960703e-22,4.173168290890682e-24,1.2768524526988367e-22,0.030925733521621732,0.9462258875298192,0.03164885863705044,0.9683511413629495,0.011618416807431942,5.994381427764893,49,281,28,13,1.3494161061605897e-22,1.3494161061605897e-22,1.0,1.3185841356077435e-22,1.3185841356077435e-22,0.9771516210514408,0.9771516210514408,0.9771516210514408,0.0,4.173168290890682e-24,4.173168290890682e-24,0.0,4.173168290890682e-24,0.030925733521621732,0.03164885863705044,1.2768524526988367e-22,1.2768524526988367e-22,0.0,1.2768524526988367e-22,0.9462258875298192,0.9683511413629495,11
81,190.26409098513736,138.98693236563082,0.7125782832507631,0.49968886584835287,3.8052818197027474,2.7797386473126164,1.424782670238704e-22,1.3344733852774828e-22,9.916744571153824e-25,0.9889736920308879,0.0073492657101002935,0.9926236109958124,0.007376389004187601,0.005803842610195301,5.992181777954102,49,281,28,13,1.3493517532676734e-22,1.3493517532676734e-22,1.0,1.3443901298486365e-22,1.3443901298486365e-22,0.9963229577409882,0.9963229577409882,0.9963229577409882,0.0,1.3344733852774828e-22,1.3344733852774828e-22,0.0,1.3344733852774828e-22,0.9889736920308879,0.9926236109958124,9.916744571153824e-25,9.916744571153824e-25,0.0,9.916744571153824e-25,0.0073492657101002935,0.007376389004187601,11
82,187.28047957211479,108.32267154293513,0.6960026642895266,-0.23041258231106843,3.745609591442296,2.1664534308587027,1.41756413780611e-22,8.597120668796065e-24,1.0544670130039593e-22,0.06396840297019808,0.7845949057274821,0.07538436120738312,0.9246156387926169,0.03746330459843345,5.98197078704834,49,281,28,13,1.3439636241663458e-22,1.3439636241663458e-22,1.0,1.14043821969192e-22,1.14043821969192e-22,0.8485633086976803,0.8485633086976803,0.8485633086976803,0.0,8.597120668796065e-24,8.597120668796065e-24,0.0,8.597120668796065e-24,0.06396840297019808,0.07538436120738312,1.0544670130039593e-22,1.0544670130039593e-22,0.0,1.0544670130039593e-22,0.7845949057274821,0.9246156387926169,11
83,139.25489406852074,88.87244213567983,0.42919385593622633,-0.6935132824838135,2.785097881370415,1.7774488427135968,1.0879255674557657e-22,3.366588949721929e-23,5.069775713864391e-23,0.2502806820310218,0.37689986581673274,0.3990568312264946,0.6009431687735054,0.026836616782194053,5.999124765396118,49,281,28,13,1.3451253698056675e-22,1.3451253698056675e-22,1.0,8.43636466358632e-23,8.43636466358632e-23,0.6271805478477546,0.6271805478477546,0.6271805478477546,0.0,3.366588949721929e-23,3.366588949721929e-23,0.0,3.366588949721929e-23,0.2502806820310218,0.3990568312264946,5.069775713864391e-23,5.069775713864391e-23,0.0,5.069775713864391e-23,0.37689986581673274,0.6009431687735054,11
84,146.8801202873865,149.62235509095967,0.47155622381881385,0.7529132164514207,2.93760240574773,2.9924471018191934,1.1059881063943172e-22,4.340935060115944e-23,3.6722664499052325e-23,0.3220586995425561,0.27244944714714286,0.5417229374161181,0.458277062583882,0.020974883849362195,6.00236177444458,49,281,28,13,1.3478707658826471e-22,1.3478707658826471e-22,1.0,8.013201510021176e-23,8.013201510021176e-23,0.5945081466896989,0.5945081466896989,0.5945081466896989,0.0,4.340935060115944e-23,4.340935060115944e-23,0.0,4.340935060115944e-23,0.3220586995425561,0.5417229374161181,3.6722664499052325e-23,3.6722664499052325e-23,0.0,3.6722664499052325e-23,0.27244944714714286,0.458277062583882,11
85,137.14557029630822,133.99405757350246,0.4174753905350457,0.3808108946072014,2.7429114059261646,2.6798811514700493,1.3806533523188246e-22,1.2061997490797092e-22,6.575673639594059e-24,0.8941434414657987,0.04874479092329861,0.9483026839779423,0.051697316022057765,0.01195761036940523,5.998711109161377,49,281,28,13,1.3490002757301964e-22,1.3490002757301964e-22,1.0,1.2719564854756498e-22,1.2719564854756498e-22,0.9428882323890974,0.9428882323890974,0.9428882323890974,0.0,1.2061997490797092e-22,1.2061997490797092e-22,0.0,1.2061997490797092e-22,0.8941434414657987,0.9483026839779423,6.575673639594059e-24,6.575673639594059e-24,0.0,6.575673639594059e-24,0.04874479092329861,0.051697316022057765,11
86,171.72071338443286,138.55301408896224,0.6095595188024048,0.48935747830862486,3.4344142676886573,2.7710602817792447,1.4244388535542028e-22,1.275745915683517e-22,2.9878043415941863e-24,0.945404173239681,0.022141420628051765,0.9771158891442602,0.02288411085573977,0.01060642088842476,5.999320030212402,49,281,28,13,1.3494185363195842e-22,1.3494185363195842e-22,1.0,1.3056239590994588e-22,1.3056239590994588e-22,0.9675455938677328,0.9675455938677328,0.9675455938677328,0.0,1.275745915683517e-22,1.275745915683517e-22,0.0,1.275745915683517e-22,0.945404173239681,0.9771158891442602,2.9878043415941863e-24,2.9878043415941863e-24,0.0,2.9878043415941863e-24,0.022141420628051765,0.02288411085573977,11
87,115.20104820425522,123.00622481829342,0.295561378912529,0.11919582900698615,2.3040209640851046,2.4601244963658684,1.4221172919110138e-22,1.083422733725423e-22,2.214979051004875e-23,0.8031823149117121,0.16420478787164816,0.8302594820633858,0.16974051793661415,0.012302649079782303,5.990505695343018,49,281,28,13,1.3489125863590706e-22,1.3489125863590706e-22,1.0,1.3049206388259106e-22,1.3049206388259106e-22,0.9673871027833603,0.9673871027833603,0.9673871027833603,0.0,1.083422733725423e-22,1.083422733725423e-22,0.0,1.083422733725423e-22,0.8031823149117121,0.8302594820633858,2.214979051004875e-23,2.214979051004875e-23,0.0,2.214979051004875e-23,0.16420478787164816,0.16974051793661415,11
88,117.39511464736209,141.7670958949468,0.3077506369297894,0.5658832355939716,2.347902292947242,2.835341917898936,9.851297412802547e-23,5.86306792479725e-23,2.3607781558936812e-23,0.4364828365985951,0.1757508456803539,0.7129350266614743,0.2870649733385257,0.045932664232994413,6.022055149078369,49,281,28,13,1.3432528001528576e-22,1.3432528001528576e-22,1.0,8.223846080690931e-23,8.223846080690931e-23,0.6122336822789489,0.6122336822789489,0.6122336822789489,0.0,5.86306792479725e-23,5.86306792479725e-23,0.0,5.86306792479725e-23,0.4364828365985951,0.7129350266614743,2.3607781558936812e-23,2.3607781558936812e-23,0.0,2.3607781558936812e-23,0.1757508456803539,0.2870649733385257,11
89,144.3230069974725,113.62136529581056,0.45735003887484726,-0.10425320724260564,2.88646013994945,2.2724273059162114,1.423876929330482e-22,3.320511527124553e-23,9.152724326752644e-23,0.2460869037189588,0.6783188589362374,0.26621091479581066,0.7337890852041894,0.016411392666190378,6.006654262542725,49,281,28,13,1.349324761677164e-22,1.349324761677164e-22,1.0,1.2473235853877197e-22,1.2473235853877197e-22,0.9244057626551963,0.9244057626551963,0.9244057626551963,0.0,3.320511527124553e-23,3.320511527124553e-23,0.0,3.320511527124553e-23,0.2460869037189588,0.26621091479581066,9.152724326752644e-23,9.152724326752644e-23,0.0,9.152724326752644e-23,0.6783188589362374,0.7337890852041894,11
90,131.60752408912512,123.52661541571243,0.38670846716180624,0.13158608132648636,2.6321504817825025,2.4705323083142487,1.4225396090214565e-22,1.0951998317734378e-22,2.0133331268944433e-23,0.8117889790283043,0.1492331897895698,0.8447141027213376,0.15528589727866243,0.015565854679592154,6.012830972671509,49,281,28,13,1.349118872104387e-22,1.349118872104387e-22,1.0,1.296533144462882e-22,1.296533144462882e-22,0.9610221688178741,0.9610221688178741,0.9610221688178741,0.0,1.0951998317734378e-22,1.0951998317734378e-22,0.0,1.0951998317734378e-22,0.8117889790283043,0.8447141027213376,2.0133331268944433e-23,2.0133331268944433e-23,0.0,2.0133331268944433e-23,0.1492331897895698,0.15528589727866243,11
91,179.61799853609813,81.25535772097012,0.6534333252005452,-0.874872435214997,3.5923599707219624,1.6251071544194025,1.4189076607014804e-22,1.041482282079518e-23,6.503277409797511e-23,0.0773445386096101,0.48295875922801806,0.1380404843378666,0.8619595156621335,0.04101402440843752,6.01569128036499,49,281,28,13,1.3465492209298838e-22,1.3465492209298838e-22,1.0,7.544759691877028e-23,7.544759691877028e-23,0.5603032978376281,0.5603032978376281,0.5603032978376281,0.0,1.041482282079518e-23,1.041482282079518e-23,0.0,1.041482282079518e-23,0.0773445386096101,0.1380404843378666,6.503277409797511e-23,6.503277409797511e-23,0.0,6.503277409797511e-23,0.48295875922801806,0.8619595156621335,11
92,171.3445677180232,122.62577198762799,0.6074698206556844,0.11013742827685678,3.426891354360464,2.4525154397525597,1.4212972056631216e-22,8.460366524184287e-23,2.721457534389309e-23,0.6278577080033911,0.20196383751057123,0.7566177467885798,0.2433822532114202,0.032339996304152886,6.0080225467681885,49,281,28,13,1.347497437132458e-22,1.347497437132458e-22,1.0,1.1181824058573596e-22,1.1181824058573596e-22,0.8298215455139624,0.8298215455139624,0.8298215455139624,0.0,8.460366524184287e-23,8.460366524184287e-23,0.0,8.460366524184287e-23,0.6278577080033911,0.7566177467885798,2.721457534389309e-23,2.721457534389309e-23,0.0,2.721457534389309e-23,0.20196383751057123,0.2433822532114202,11
93,155.66351860183653,144.4267023930957,0.5203528811213141,0.6292071998356118,3.1132703720367307,2.888534047861914,1.3729377458844565e-22,9.27599502145946e-23,1.6759496734277082e-23,0.687677618305521,0.12424684113741026,0.8469724126519638,0.15302758734803623,0.014470350179673897,6.013360977172852,49,281,28,13,1.348887149230779e-22,1.348887149230779e-22,1.0,1.0951944694887168e-22,1.0951944694887168e-22,0.8119244594429312,0.8119244594429312,0.8119244594429312,0.0,9.27599502145946e-23,9.27599502145946e-23,0.0,9.27599502145946e-23,0.687677618305521,0.8469724126519638,1.6759496734277082e-23,1.6759496734277082e-23,0.0,1.6759496734277082e-23,0.12424684113741026,0.15302758734803623,11
94,164.91804114508005,135.26582399239345,0.5717668952504448,0.4110910474379393,3.298360822901601,2.705316479847869,1.424801842765226e-22,1.2957660793799417e-22,2.5133859325478692e-24,0.960123389481387,0.018623427939921517,0.9809721701175097,0.01902782988249037,0.007662345591488652,6.013502359390259,49,281,28,13,1.349582869843274e-22,1.349582869843274e-22,1.0,1.3208999387054203e-22,1.3208999387054203e-22,0.9787468174213084,0.9787468174213084,0.9787468174213084,0.0,1.2957660793799417e-22,1.2957660793799417e-22,0.0,1.2957660793799417e-22,0.960123389481387,0.9809721701175097,2.5133859325478692e-24,2.5133859325478692e-24,0.0,2.5133859325478692e-24,0.018623427939921517,0.01902782988249037,11
95,167.3823285347939,143.4647844076532,0.5854573807488551,0.6063043906584098,3.3476465706958782,2.869295688153064,1.4215267660242679e-22,1.1190066993284811e-22,8.634509897086932e-24,0.8297055989387907,0.06402196885867283,0.9283652298916425,0.07163477010835755,0.013116117370390822,6.008374214172363,49,281,28,13,1.3486792191829391e-22,1.3486792191829391e-22,1.0,1.2053517982993504e-22,1.2053517982993504e-22,0.8937275677974635,0.8937275677974635,0.8937275677974635,0.0,1.1190066993284811e-22,1.1190066993284811e-22,0.0,1.1190066993284811e-22,0.8297055989387907,0.9283652298916425,8.634509897086932e-24,8.634509897086932e-24,0.0,8.634509897086932e-24,0.06402196885867283,0.07163477010835755,11
96,174.48438587186737,117.67232605111784,0.6249132548437076,-0.0078017606876705885,3.4896877174373477,2.3534465210223567,1.4209751090891738e-22,5.116582442385575e-23,5.135459981780114e-23,0.37989188602255897,0.38129349034044285,0.4990793278737297,0.5009206721262702,0.0434370571529736,6.026254177093506,49,281,28,13,1.3468522573503292e-22,1.3468522573503292e-22,1.0,1.025204242416569e-22,1.025204242416569e-22,0.7611853763630019,0.7611853763630019,0.7611853763630019,0.0,5.116582442385575e-23,5.116582442385575e-23,0.0,5.116582442385575e-23,0.37989188602255897,0.4990793278737297,5.135459981780114e-23,5.135459981780114e-23,0.0,5.135459981780114e-23,0.38129349034044285,0.5009206721262702,11
97,186.20020776925463,150.03215143347,0.6900011542736368,0.7626702722254763,3.7240041553850927,3.0006430286694004,1.4214928004643178e-22,1.0019094462875013e-22,2.6397359141893968e-24,0.7436365138469729,0.019592629054234555,0.9743292964682159,0.025670703531784068,0.02247206425271444,5.947802782058716,49,281,28,13,1.3473107191905268e-22,1.3473107191905268e-22,1.0,1.0283068054293953e-22,1.0283068054293953e-22,0.7632291429012076,0.7632291429012076,0.7632291429012076,0.0,1.0019094462875013e-22,1.0019094462875013e-22,0.0,1.0019094462875013e-22,0.7436365138469729,0.9743292964682159,2.6397359141893968e-24,2.6397359141893968e-24,0.0,2.6397359141893968e-24,0.019592629054234555,0.025670703531784068,11
98,123.97881390301863,85.09739640635921,0.3443267439056591,-0.783395323658114,2.4795762780603727,1.7019479281271843,6.512443060601225e-23,3.2698051223387024e-23,2.1727857872264724e-23,0.24485715420441792,0.16270760019348043,0.6007809840331978,0.3992190159668023,0.0889189170711249,5.997257947921753,49,281,28,13,1.3353929285680253e-22,1.3353929285680253e-22,1.0,5.442590909565174e-23,5.442590909565174e-23,0.4075647543978983,0.4075647543978983,0.4075647543978983,0.0,3.2698051223387024e-23,3.2698051223387024e-23,0.0,3.2698051223387024e-23,0.24485715420441792,0.6007809840331978,2.1727857872264724e-23,2.1727857872264724e-23,0.0,2.1727857872264724e-23,0.16270760019348043,0.3992190159668023,11
99,162.0904126196305,149.55884450170157,0.5560578478868362,0.7514010595643231,3.24180825239261,2.991176890034031,1.3793150493459055e-22,7.019982422612454e-23,2.137582053084209e-23,0.520297869684901,0.15843050901579017,0.7665774498495582,0.23342255015044186,0.012069609217771435,6.019419193267822,49,281,28,13,1.3492237488621363e-22,1.3492237488621363e-22,1.0,9.157564475696663e-23,9.157564475696663e-23,0.6787283787006911,0.6787283787006911,0.6787283787006911,0.0,7.019982422612454e-23,7.019982422612454e-23,0.0,7.019982422612454e-23,0.520297869684901,0.7665774498495582,2.137582053084209e-23,2.137582053084209e-23,0.0,2.137582053084209e-23,0.15843050901579017,0.23342255015044186,11
