sample,geometry_id,x_upper_px,y_upper_px,x_lower_px,y_lower_px,x_upper_norm,y_upper_norm,x_lower_norm,y_lower_norm,x_upper_um,y_upper_um,x_lower_um,y_lower_um,reflection_proxy,solve_time_sec,x_input_monitor,x_output_monitor,input_monitor_source_distance_px,input_monitor_design_clearance_px,P_in_signed,P_in,forward_sign,P_sum_forward,P_sum,T_total_forward,T_total,T_total_raw_signed,backward_fraction,P_out_signed_1,P_out_forward_1,P_out_backward_1,P_1,T_1,ratio_1,P_out_signed_2,P_out_forward_2,P_out_backward_2,P_2,T_2,ratio_2,P_out_signed_3,P_out_forward_3,P_out_backward_3,P_3,T_3,ratio_3,P_out_signed_4,P_out_forward_4,P_out_backward_4,P_4,T_4,ratio_4,dataset_seed,dataset_role
0,twohub_3p6um_common_domain_v2,98.51410919876474,143.75555792812116,133.46309524225134,48.245302415620024,0.12857020276919962,0.14362144311335487,0.37127149473785653,0.041579674363333784,1.9702821839752949,2.875111158562423,2.669261904845027,0.9649060483124006,0.1243131060902282,6.137049436569214,49,281,28,13,1.3302232258895546e-22,1.3302232258895546e-22,1.0,8.130101407710476e-23,8.130101407710476e-23,0.6111832397358471,0.6111832397358471,0.6111832397358471,0.0,4.838281952991786e-23,4.838281952991786e-23,0.0,4.838281952991786e-23,0.36371955163813213,0.5951072084295561,1.0247306627389496e-24,1.0247306627389496e-24,0.0,1.0247306627389496e-24,0.007703448885834073,0.01260415597974103,1.9894468095695714e-23,1.9894468095695714e-23,0.0,1.9894468095695714e-23,0.14955736532409264,0.24470135239430194,1.1998995788752237e-23,1.1998995788752237e-23,0.0,1.1998995788752237e-23,0.09020287388778825,0.1475872831964009,11,train
1,twohub_3p6um_common_domain_v2,151.89601219137654,159.92907082937364,93.0986045670961,89.13641343161174,0.49927786244011485,0.4431309412846971,0.09096253171594516,0.798822470955773,3.037920243827531,3.198581416587473,1.861972091341922,1.7827282686322348,0.0796766109921185,6.157219409942627,49,281,28,13,1.3397324673126932e-22,1.3397324673126932e-22,1.0,9.856763785602795e-23,9.856763785602795e-23,0.7357262756626342,0.7357262756626342,0.7357262756626342,0.0,3.794856140241312e-23,3.794856140241312e-23,0.0,3.794856140241312e-23,0.28325477159281187,0.3850002113050775,2.5819533847515616e-23,2.5819533847515616e-23,0.0,2.5819533847515616e-23,0.19272156551752315,0.2619473734901583,1.4696537670677778e-24,1.4696537670677778e-24,0.0,1.4696537670677778e-24,0.010969755551387716,0.01491010436117396,3.332988883903144e-23,3.332988883903144e-23,0.0,3.332988883903144e-23,0.24878018300091143,0.33814231084359025,11,train
2,twohub_3p6um_common_domain_v2,166.61576349776348,178.45937858568152,169.18395466258897,59.28509660492023,0.6014983576233575,0.7862847886237319,0.6193330184902012,0.24602030749852272,3.33231526995527,3.56918757171363,3.3836790932517795,1.1857019320984046,0.06133462903050934,6.093051195144653,49,281,28,13,1.3454448746300998e-22,1.3454448746300998e-22,1.0,7.903897644478536e-23,7.903897644478536e-23,0.5874560744565278,0.5874560744565278,0.5874560744565278,0.0,1.6879210811296097e-23,1.6879210811296097e-23,0.0,1.6879210811296097e-23,0.1254544956064191,0.213555533871159,2.1327180968596344e-23,2.1327180968596344e-23,0.0,2.1327180968596344e-23,0.15851397088609653,0.26983118871098966,1.8648305794537078e-23,1.8648305794537078e-23,0.0,1.8648305794537078e-23,0.13860326904633694,0.2359380983072866,2.218427887035584e-23,2.218427887035584e-23,0.0,2.218427887035584e-23,0.1648843389176752,0.2806751791105648,11,train
3,twohub_3p6um_common_domain_v2,84.13121720556002,184.31368085905186,145.5045351314361,47.58430837026101,0.028689008371944585,0.8946977936861455,0.4548926050794175,0.029339043893722463,1.6826243441112003,3.6862736171810373,2.910090702628722,0.9516861674052203,0.10715314832354006,6.053039789199829,49,281,28,13,1.3276883483039563e-22,1.3276883483039563e-22,1.0,7.246443579966626e-23,7.246443579966626e-23,0.5457940177921672,0.5457940177921672,0.5457940177921672,0.0,4.537585984407232e-24,4.537585984407232e-24,0.0,4.537585984407232e-24,0.034176589635690716,0.06261810961934144,9.267121465820149e-24,9.267121465820149e-24,0.0,9.267121465820149e-24,0.06979892139340042,0.12788509789049968,2.4976217719395957e-23,2.4976217719395957e-23,0.0,2.4976217719395957e-23,0.18811807568622263,0.3446686287387197,3.368351063004292e-23,3.368351063004292e-23,0.0,3.368351063004292e-23,0.2537004310768534,0.46482816375143915,11,train
4,twohub_3p6um_common_domain_v2,101.30135617915366,176.9983203227246,141.68565476471358,71.18988505427708,0.14792608457745596,0.7592281541245295,0.4283726025327332,0.46647935285698305,2.026027123583073,3.539966406454492,2.833713095294272,1.4237977010855416,0.04357401249760149,6.083467721939087,49,281,28,13,1.3426830783886431e-22,1.3426830783886431e-22,1.0,7.746048844785975e-23,7.746048844785975e-23,0.576908204881976,0.576908204881976,0.576908204881976,0.0,6.1691616655567886e-24,6.1691616655567886e-24,0.0,6.1691616655567886e-24,0.045946521296450785,0.0796426899594027,1.157854880395597e-24,1.157854880395597e-24,0.0,1.157854880395597e-24,0.00862344136924062,0.01494768369779869,3.5991577629993444e-23,3.5991577629993444e-23,0.0,3.5991577629993444e-23,0.26805713283574717,0.46464434127884585,3.4141894271913915e-23,3.4141894271913915e-23,0.0,3.4141894271913915e-23,0.25428110938053733,0.4407652850639526,11,train
5,twohub_3p6um_common_domain_v2,213.6623873062932,137.91204302040606,202.69218193489598,84.76423481304232,0.9282110229603694,0.035408204081593696,0.8520290412145555,0.7178562002415245,4.273247746125864,2.7582408604081214,4.05384363869792,1.6952846962608463,0.030760745348099482,6.094749927520752,49,281,28,13,1.3517477372002272e-22,1.3517477372002272e-22,1.0,8.297778785165932e-23,8.297778785165932e-23,0.6138555705928159,0.6138555705928159,0.6138555705928159,0.0,1.5495008690803919e-24,1.5495008690803919e-24,0.0,1.5495008690803919e-24,0.011462944057074997,0.018673682550449027,5.436144284990586e-23,5.436144284990586e-23,0.0,5.436144284990586e-23,0.4021567142586871,0.6551324668607538,7.951993503766207e-24,7.951993503766207e-24,0.0,7.951993503766207e-24,0.05882749632144064,0.09583279706108952,1.9114850628906856e-23,1.9114850628906856e-23,0.0,1.9114850628906856e-23,0.14140841595561313,0.23036105352770755,11,train
6,twohub_3p6um_common_domain_v2,90.14056296620434,155.40825212742394,99.84195691136271,69.54571666570017,0.07042057615419682,0.3594120764337766,0.13779136744001885,0.4360317901055587,1.8028112593240868,3.1081650425484786,1.9968391382272543,1.3909143333140035,0.1275123207217474,6.003866910934448,49,281,28,13,1.3189774211267077e-22,1.3189774211267077e-22,1.0,7.393683838737233e-23,7.393683838737233e-23,0.5605618201122305,0.5605618201122305,0.5605618201122305,0.0,2.781256472783288e-23,2.781256472783288e-23,0.0,2.781256472783288e-23,0.21086460073042498,0.37616654071839495,7.22975337328248e-24,7.22975337328248e-24,0.0,7.22975337328248e-24,0.05481332172545168,0.0977828310077869,4.871847828454818e-24,4.871847828454818e-24,0.0,4.871847828454818e-24,0.03693655213819467,0.06589202263329237,3.402267245780215e-23,3.402267245780215e-23,0.0,3.402267245780215e-23,0.25794734551815923,0.46015860564052574,11,train
7,twohub_3p6um_common_domain_v2,98.68744871349891,144.80506895076257,168.83861254106742,65.66319751110241,0.12977394939929798,0.16305683242152916,0.6169348093129682,0.3641332872426372,1.973748974269978,2.8961013790152514,3.3767722508213485,1.3132639502220482,0.02586577859784108,6.084215402603149,49,281,28,13,1.3487842009758052e-22,1.3487842009758052e-22,1.0,1.0452160199262567e-22,1.0452160199262567e-22,0.7749319862807363,0.7749319862807363,0.7749319862807363,0.0,3.439469500626876e-23,3.439469500626876e-23,0.0,3.439469500626876e-23,0.25500517415154494,0.32906781326118034,1.3889122631918991e-24,1.3889122631918991e-24,0.0,1.3889122631918991e-24,0.010297512842951915,0.01328827952034156,2.100959603974991e-23,2.100959603974991e-23,0.0,2.100959603974991e-23,0.1557669197529901,0.20100721419513073,4.7728398683415096e-23,4.7728398683415096e-23,0.0,4.7728398683415096e-23,0.35386237953324945,0.45663669302334736,11,train
8,twohub_3p6um_common_domain_v2,216.55929727401562,189.9353343321497,139.5800213726908,81.5604628183911,0.9483284532917752,0.9988024876324018,0.41375014842146385,0.6585270892294649,4.331185945480313,3.7987066866429937,2.7916004274538158,1.631209256367822,0.020913159639290184,6.086289882659912,49,281,28,13,1.3482196335296518e-22,1.3482196335296518e-22,1.0,1.233774474788914e-22,1.233774474788914e-22,0.9151138613512702,0.9151138613512702,0.9151138613512702,0.0,8.613101737978426e-23,8.613101737978426e-23,0.0,8.613101737978426e-23,0.6388500451836059,0.6981098988493857,9.680927533225914e-25,9.680927533225914e-25,0.0,9.680927533225914e-25,0.007180527039115396,0.007846594115089162,2.1312822004021173e-24,2.1312822004021173e-24,0.0,2.1312822004021173e-24,0.015808123152919826,0.017274487711919615,3.4147055145382413e-23,3.4147055145382413e-23,0.0,3.4147055145382413e-23,0.2532751659756289,0.2767690193236055,11,train
9,twohub_3p6um_common_domain_v2,169.55123736267913,143.77682931202202,156.06926071091448,54.794156791972334,0.6218835927963828,0.14401535763003734,0.5282587549369061,0.16285475540689506,3.3910247472535824,2.87553658624044,3.1213852142182894,1.0958831358394467,0.03583628308070681,6.063948154449463,49,281,28,13,1.3459646452273964e-22,1.3459646452273964e-22,1.0,7.778301143589005e-23,7.778301143589005e-23,0.5778978795000136,0.5778978795000136,0.5778978795000136,0.0,4.149578834333191e-23,4.149578834333191e-23,0.0,4.149578834333191e-23,0.30829775871506143,0.5334813807965428,1.4957383530835507e-23,1.4957383530835507e-23,0.0,1.4957383530835507e-23,0.11112761084678048,0.19229627722968287,1.6225882057889894e-23,1.6225882057889894e-23,0.0,1.6225882057889894e-23,0.1205520673624275,0.20860444663117106,5.1039575038327426e-24,5.1039575038327426e-24,0.0,5.1039575038327426e-24,0.03792044257574422,0.06561789534260322,11,train
10,twohub_3p6um_common_domain_v2,133.1350098170899,149.19297991371008,151.9149508110287,46.61192143997704,0.36899312372979093,0.24431444284648288,0.4994093806321437,0.011331878518093306,2.662700196341798,2.9838595982742016,3.0382990162205736,0.9322384287995408,0.09462936138165794,6.128931045532227,49,281,28,13,1.3367280021575915e-22,1.3367280021575915e-22,1.0,7.29585332664434e-23,7.29585332664434e-23,0.5457993933596228,0.5457993933596228,0.5457993933596228,0.0,5.027286277112304e-23,5.027286277112304e-23,0.0,5.027286277112304e-23,0.37608894771395834,0.6890607653463557,5.392752012104898e-24,5.392752012104898e-24,0.0,5.392752012104898e-24,0.040342926933531295,0.07391530189362022,1.1391694105880988e-23,1.1391694105880988e-23,0.0,1.1391694105880988e-23,0.08522073366828431,0.15613929715772523,5.901224377334478e-24,5.901224377334478e-24,0.0,5.901224377334478e-24,0.044146785043848905,0.08088463560229893,11,train
11,twohub_3p6um_common_domain_v2,153.64016313966982,155.28986449009446,99.31458681842048,77.99084279944907,0.5113900218032627,0.357219712779527,0.13412907512792,0.5924230148046123,3.0728032627933963,3.105797289801889,1.9862917363684098,1.5598168559889813,0.04817102340938481,6.1257429122924805,49,281,28,13,1.3399958858799086e-22,1.3399958858799086e-22,1.0,9.065107326093929e-23,9.065107326093929e-23,0.6765026237480815,0.6765026237480815,0.6765026237480815,0.0,4.996094287870819e-23,4.996094287870819e-23,0.0,4.996094287870819e-23,0.37284400202394147,0.5511345986483306,2.721790883714382e-23,2.721790883714382e-23,0.0,2.721790883714382e-23,0.20311934629016545,0.30024916261936596,2.7820464248206358e-24,2.7820464248206358e-24,0.0,2.7820464248206358e-24,0.020761604226820475,0.03068961375462715,1.0690175120266639e-23,1.0690175120266639e-23,0.0,1.0690175120266639e-23,0.079777671207154,0.11792662497767621,11,train
12,twohub_3p6um_common_domain_v2,175.4493851624191,139.28788195709615,153.7302150117552,74.6443289496483,0.6628429525167994,0.060886702909187906,0.5120153820260778,0.5304505361045981,3.508987703248382,2.785757639141923,3.0746043002351042,1.4928865789929662,0.05389419149299955,6.085034370422363,49,281,28,13,1.3439603468708536e-22,1.3439603468708536e-22,1.0,9.161030970050284e-23,9.161030970050284e-23,0.6816444392410785,0.6816444392410785,0.6816444392410785,0.0,2.969639255603001e-23,2.969639255603001e-23,0.0,2.969639255603001e-23,0.22096182097315745,0.3241599406564064,3.087193127205812e-23,3.087193127205812e-23,0.0,3.087193127205812e-23,0.22970864686549214,0.3369918885001725,4.6810306960603324e-24,4.6810306960603324e-24,0.0,4.6810306960603324e-24,0.03483012506253766,0.05109720413961922,2.6360955176354388e-23,2.6360955176354388e-23,0.0,2.6360955176354388e-23,0.19614384633989143,0.28775096670380207,11,train
13,twohub_3p6um_common_domain_v2,119.64446946960263,183.00078552034003,204.14319062827158,92.75430725952044,0.27530881576112937,0.8703849170433339,0.8621054904741082,0.8658205048059342,2.3928893893920526,3.660015710406801,4.0828638125654315,1.8550861451904088,0.029038519871595336,6.147933721542358,49,281,28,13,1.3471175520126848e-22,1.3471175520126848e-22,1.0,1.0434561055695437e-22,1.0434561055695437e-22,0.7745842996482004,0.7745842996482004,0.7745842996482004,0.0,2.3479622287691725e-24,2.3479622287691725e-24,0.0,2.3479622287691725e-24,0.017429527402869616,0.0225017824538733,1.793632465123395e-24,1.793632465123395e-24,0.0,1.793632465123395e-24,0.013314595021374243,0.017189342757684925,9.715566077937553e-23,9.715566077937553e-23,0.0,9.715566077937553e-23,0.7212114535529465,0.9310948516262274,3.0483550836862633e-24,3.0483550836862633e-24,0.0,3.0483550836862633e-24,0.022628723671010112,0.029214023162214352,11,train
14,twohub_3p6um_common_domain_v2,99.86740249284156,170.3635167806087,104.65773131706165,68.45699087091181,0.1379680728669553,0.6363614218631242,0.17123424525737255,0.41587020131318164,1.9973480498568315,3.407270335612174,2.093154626341233,1.369139817418236,0.1144071894043328,6.077630043029785,49,281,28,13,1.3232443225673553e-22,1.3232443225673553e-22,1.0,5.464155162662816e-23,5.464155162662816e-23,0.41293622571992417,0.41293622571992417,0.41293622571992417,0.0,2.1188514754761056e-23,2.1188514754761056e-23,0.0,2.1188514754761056e-23,0.16012549151657157,0.38777293330805374,5.542417897278068e-24,5.542417897278068e-24,0.0,5.542417897278068e-24,0.041885068409170896,0.10143229341564146,4.549243237728492e-24,4.549243237728492e-24,0.0,4.549243237728492e-24,0.03437946538022594,0.08325611375046559,2.3361375736860545e-23,2.3361375736860545e-23,0.0,2.3361375736860545e-23,0.17654620041395577,0.4275386595258393,11,train
15,twohub_3p6um_common_domain_v2,193.47770160857482,144.6264049577547,81.65152040905167,88.45022617922535,0.7880395945039917,0.15974823995842014,0.011468891729525489,0.7861152996152844,3.8695540321714965,2.8925280991550935,1.6330304081810334,1.769004523584507,0.026589160192800994,6.077587604522705,49,281,28,13,1.3472685268902536e-22,1.3472685268902536e-22,1.0,1.0374370246575085e-22,1.0374370246575085e-22,0.7700298819063979,0.7700298819063979,0.7700298819063979,0.0,9.77234392082466e-24,9.77234392082466e-24,0.0,9.77234392082466e-24,0.07253449275907194,0.09419698438130089,5.96028657059122e-23,5.96028657059122e-23,0.0,5.96028657059122e-23,0.4423978183731992,0.5745203254683245,1.1798197221704865e-23,1.1798197221704865e-23,0.0,1.1798197221704865e-23,0.08757123755378818,0.113724466558342,2.2570295617309122e-23,2.2570295617309122e-23,0.0,2.2570295617309122e-23,0.16752633322033852,0.21755822359203256,11,train
16,twohub_3p6um_common_domain_v2,176.53192411075767,162.90650211647772,89.72940273391103,46.96799599738686,0.6703605841024838,0.49826855771255046,0.06756529676327104,0.01792585180346033,3.5306384822151533,3.2581300423295545,1.7945880546782205,0.9393599199477372,0.0749155239921186,6.078436851501465,49,281,28,13,1.3399714448503157e-22,1.3399714448503157e-22,1.0,9.137981485850681e-23,9.137981485850681e-23,0.6819534491551391,0.6819534491551391,0.6819534491551391,0.0,6.754448756359477e-23,6.754448756359477e-23,0.0,6.754448756359477e-23,0.5040740817513463,0.7391620093363196,1.8998704053979805e-23,1.8998704053979805e-23,0.0,1.8998704053979805e-23,0.1417843949361331,0.20790919836506058,2.9077410355792598e-24,2.9077410355792598e-24,0.0,2.9077410355792598e-24,0.021700022390432918,0.03182038659283374,1.928882205352978e-24,1.928882205352978e-24,0.0,1.928882205352978e-24,0.014394950077226815,0.021108405705786048,11,train
17,twohub_3p6um_common_domain_v2,153.7830531415751,140.2481669662877,146.21058125145453,47.47300390406929,0.5123823134831604,0.07866975863495737,0.4597957031351009,0.02727785007535717,3.075661062831502,2.804963339325754,2.9242116250290904,0.9494600780813858,0.04080875863360275,6.085129976272583,49,281,28,13,1.3493249017772063e-22,1.3493249017772063e-22,1.0,8.112502470967341e-23,8.112502470967341e-23,0.6012267660874191,0.6012267660874191,0.6012267660874191,0.0,5.360401530272094e-23,5.360401530272094e-23,0.0,5.360401530272094e-23,0.39726544164506766,0.6607580767408895,1.8831168861977894e-23,1.8831168861977894e-23,0.0,1.8831168861977894e-23,0.13955992983732246,0.2321252773650305,5.5873641106420726e-24,5.5873641106420726e-24,0.0,5.5873641106420726e-24,0.04140858960864734,0.06887349656456661,3.102476434332504e-24,3.102476434332504e-24,0.0,3.102476434332504e-24,0.022992804996381587,0.03824314932951339,11,train
18,twohub_3p6um_common_domain_v2,197.61004677963075,168.99290851743436,220.32109573159,78.32253415592484,0.816736435969658,0.6109797873598956,0.9744520536915972,0.5985654473319415,3.9522009355926153,3.379858170348687,4.4064219146317996,1.5664506831184968,0.08386629065652086,6.136651277542114,49,281,28,13,1.3233085679714297e-22,1.3233085679714297e-22,1.0,8.999350363426814e-23,8.999350363426814e-23,0.6800643917255367,0.6800643917255367,0.6800643917255367,0.0,3.4880659519797223e-23,3.4880659519797223e-23,0.0,3.4880659519797223e-23,0.26358674283555533,0.38759086057535386,1.1387359232595995e-23,1.1387359232595995e-23,0.0,1.1387359232595995e-23,0.08605218395927328,0.12653534724988597,1.7664322228983483e-23,1.7664322228983483e-23,0.0,1.7664322228983483e-23,0.13348604140047293,0.19628441515924247,2.606116265289145e-23,2.606116265289145e-23,0.0,2.606116265289145e-23,0.19693942353023525,0.2895893770155178,11,train
19,twohub_3p6um_common_domain_v2,159.0668387172838,148.5098143172627,86.37011345420328,58.2169415550565,0.5490752688700263,0.23166322809745757,0.04423689898752276,0.22623965842697225,3.181336774345676,2.9701962863452542,1.7274022690840656,1.16433883110113,0.019607172150696125,6.065643310546875,49,281,28,13,1.3332064033525696e-22,1.3332064033525696e-22,1.0,9.522097956643643e-23,9.522097956643643e-23,0.7142253392046979,0.7142253392046979,0.7142253392046979,0.0,5.527015199691864e-23,5.527015199691864e-23,0.0,5.527015199691864e-23,0.414565605580146,0.5804409096459275,3.4660525732636826e-23,3.4660525732636826e-23,0.0,3.4660525732636826e-23,0.25997869231258686,0.3640009364580618,2.6026222175938456e-24,2.6026222175938456e-24,0.0,2.6026222175938456e-24,0.01952152503205144,0.02733244532291306,2.687679619287105e-24,2.687679619287105e-24,0.0,2.687679619287105e-24,0.0201595162799135,0.028225708573097485,11,train
20,twohub_3p6um_common_domain_v2,221.251564058812,138.08650237469695,222.69384993048487,49.63233574941727,0.9809136392973055,0.03863893286475831,0.990929513406145,0.0672654768410606,4.42503128117624,2.761730047493939,4.453876998609697,0.9926467149883454,0.013199187539825564,6.089495658874512,49,281,28,13,1.3506092041305257e-22,1.3506092041305257e-22,1.0,1.1318481872326886e-22,1.1318481872326886e-22,0.8380278942059575,0.8380278942059575,0.8380278942059575,0.0,9.39054099044264e-25,9.39054099044264e-25,0.0,9.39054099044264e-25,0.0069528187441073586,0.00829664357496745,6.720370883689218e-23,6.720370883689218e-23,0.0,6.720370883689218e-23,0.49758071121805764,0.5937519677546318,1.3948770428880702e-24,1.3948770428880702e-24,0.0,1.3948770428880702e-24,0.010327762010077833,0.012323888120530315,4.3647178744444337e-23,4.3647178744444337e-23,0.0,4.3647178744444337e-23,0.3231666022337145,0.38562750054987033,11,train
21,twohub_3p6um_common_domain_v2,109.44936243152647,142.22282519947075,157.1916438430515,52.898476646275626,0.2045094613300449,0.11523750369390273,0.5360530822434133,0.12774956752362268,2.188987248630529,2.8444565039894147,3.14383287686103,1.0579695329255125,0.019120852690655114,6.103360891342163,49,281,28,13,1.3399455209588524e-22,1.3399455209588524e-22,1.0,9.624595583970124e-23,9.624595583970124e-23,0.7182826042869902,0.7182826042869902,0.7182826042869902,0.0,5.1901116578932255e-23,5.1901116578932255e-23,0.0,5.1901116578932255e-23,0.3873375131086845,0.5392550380545253,3.2919514538497215e-24,3.2919514538497215e-24,0.0,3.2919514538497215e-24,0.024567800722928138,0.03420353016528305,2.1738315249588753e-23,2.1738315249588753e-23,0.0,2.1738315249588753e-23,0.16223282894391872,0.22586211607471768,1.9314572557330512e-23,1.9314572557330512e-23,0.0,1.9314572557330512e-23,0.14414446151145896,0.20067931570547398,11,train
22,twohub_3p6um_common_domain_v2,159.7371722525928,165.98418162149193,97.30019915985348,66.23612594698436,0.5537303628652279,0.5552626226202209,0.12014027194342693,0.3747430730923029,3.194743445051856,3.3196836324298387,1.9460039831970697,1.3247225189396872,0.01834663080980142,6.109371662139893,49,281,28,13,1.340269731673518e-22,1.340269731673518e-22,1.0,8.71941229727282e-23,8.71941229727282e-23,0.650571455223822,0.650571455223822,0.650571455223822,0.0,4.5053136181084523e-23,4.5053136181084523e-23,0.0,4.5053136181084523e-23,0.3361497698290124,0.5166992297769408,3.556911274748991e-23,3.556911274748991e-23,0.0,3.556911274748991e-23,0.26538771940389044,0.40793016243325136,2.2383482438436403e-25,2.2383482438436403e-25,0.0,2.2383482438436403e-25,0.0016700729643791502,0.0025670861378395086,6.348039219769404e-24,6.348039219769404e-24,0.0,6.348039219769404e-24,0.04736389302654005,0.0728035216519683,11,train
23,twohub_3p6um_common_domain_v2,149.64195635696782,170.39695299174184,140.26967000255328,64.20539432573577,0.48362469692338766,0.6369806109581823,0.41853937501773114,0.33713693195806976,2.9928391271393564,3.407939059834837,2.8053934000510656,1.2841078865147153,0.09186690762081935,6.08796763420105,49,281,28,13,1.325190238968944e-22,1.325190238968944e-22,1.0,6.613743183873021e-23,6.613743183873021e-23,0.49907877294801106,0.49907877294801106,0.49907877294801106,0.0,1.1752500848870276e-23,1.1752500848870276e-23,0.0,1.1752500848870276e-23,0.0886853864696003,0.17769817366854557,2.4590710678719927e-23,2.4590710678719927e-23,0.0,2.4590710678719927e-23,0.1855636266824043,0.37181230046370745,1.803776165564173e-23,1.803776165564173e-23,0.0,1.803776165564173e-23,0.13611450737575534,0.27273151004147067,1.1756458655498272e-23,1.1756458655498272e-23,0.0,1.1756458655498272e-23,0.08871525242025109,0.17775801582627626,11,train
24,twohub_3p6um_common_domain_v2,130.87157912870452,153.53923494524665,109.8598501439759,76.44479442644017,0.3532748550604481,0.32480064713419715,0.20736007044427712,0.5637924893785217,2.6174315825740906,3.0707846989049328,2.197197002879518,1.5288958885288033,0.0580082249604852,6.080135822296143,49,281,28,13,1.3375600471465813e-22,1.3375600471465813e-22,1.0,8.017576698120767e-23,8.017576698120767e-23,0.5994180758631865,0.5994180758631865,0.5994180758631865,0.0,4.822957554524385e-23,4.822957554524385e-23,0.0,4.822957554524385e-23,0.36057876914110937,0.6015480407758161,1.0818699719371939e-23,1.0818699719371939e-23,0.0,1.0818699719371939e-23,0.08088384325213276,0.13493727751812745,5.445013286962766e-24,5.445013286962766e-24,0.0,5.445013286962766e-24,0.0407085521026037,0.06791345430146017,1.5682478429629123e-23,1.5682478429629123e-23,0.0,1.5682478429629123e-23,0.11724691136734067,0.19560122740459626,11,train
25,twohub_3p6um_common_domain_v2,165.18972376866225,170.7464311962987,182.8378114056502,93.93014611148669,0.5915953039490434,0.6434524295610868,0.714151468094793,0.8875952983608647,3.303794475373245,3.4149286239259737,3.656756228113004,1.8786029222297338,0.07637982236034821,6.067004680633545,49,281,28,13,1.3390958431231938e-22,1.3390958431231938e-22,1.0,7.662202695421878e-23,7.662202695421878e-23,0.5721922545552233,0.5721922545552233,0.5721922545552233,0.0,1.4332875413158376e-23,1.4332875413158376e-23,0.0,1.4332875413158376e-23,0.10703397734197719,0.1870594655727678,8.666492077677221e-24,8.666492077677221e-24,0.0,8.666492077677221e-24,0.06471898275379773,0.11310705840313257,2.554100047012609e-23,2.554100047012609e-23,0.0,2.554100047012609e-23,0.19073317717540234,0.33333757256756846,2.808165899325709e-23,2.808165899325709e-23,0.0,2.808165899325709e-23,0.20970611728404595,0.3664959034565311,11,train
26,twohub_3p6um_common_domain_v2,113.88337736013159,155.0115693950651,157.97797142704525,65.7465887444349,0.2353012316675805,0.3520660999086129,0.541513690465592,0.36567756934138707,2.2776675472026318,3.100231387901302,3.159559428540905,1.314931774888698,0.04274223774802997,6.156357765197754,49,281,28,13,1.3441102318426893e-22,1.3441102318426893e-22,1.0,8.670828855882219e-23,8.670828855882219e-23,0.6450980470548957,0.6450980470548957,0.6450980470548957,0.0,2.616617817172801e-23,2.616617817172801e-23,0.0,2.616617817172801e-23,0.19467285905454235,0.3017725134083011,3.094866109007552e-24,3.094866109007552e-24,0.0,3.094866109007552e-24,0.02302538910640304,0.03569285198044268,3.2830595430004903e-23,3.2830595430004903e-23,0.0,3.2830595430004903e-23,0.2442552303541076,0.37863272330341174,2.4616648848081732e-23,2.4616648848081732e-23,0.0,2.4616648848081732e-23,0.18314456853984273,0.2839019113078446,11,train
27,twohub_3p6um_common_domain_v2,195.51718646410163,143.05558636667257,121.46623311262826,55.94445971084401,0.8022026837784835,0.1306590067902328,0.2879599521710296,0.18415666131192607,3.9103437292820327,2.8611117273334514,2.4293246622525655,1.1188891942168802,0.027385775848042353,6.084152698516846,49,281,28,13,1.345218040373873e-22,1.345218040373873e-22,1.0,9.26772151200065e-23,9.26772151200065e-23,0.6889382415229055,0.6889382415229055,0.6889382415229055,0.0,6.736730219591905e-24,6.736730219591905e-24,0.0,6.736730219591905e-24,0.050079095116205716,0.07269025305592752,8.030004229080894e-23,8.030004229080894e-23,0.0,8.030004229080894e-23,0.5969295674067183,0.8664485891902285,2.7688469735797548e-24,2.7688469735797548e-24,0.0,2.7688469735797548e-24,0.020582886123131503,0.029876242720440094,2.871595636025886e-24,2.871595636025886e-24,0.0,2.871595636025886e-24,0.021346692876849843,0.03098491503340379,11,train
28,twohub_3p6um_common_domain_v2,204.89603146530771,153.02135522386183,116.78085968529552,77.21363338002969,0.8673335518424147,0.31521028192336725,0.2554226367034411,0.5780302477783276,4.097920629306154,3.0604271044772364,2.3356171937059105,1.5442726676005938,0.06709393089231185,6.051817417144775,49,281,28,13,1.3382904485125007e-22,1.3382904485125007e-22,1.0,8.285290840327746e-23,8.285290840327746e-23,0.6190951186670115,0.6190951186670115,0.6190951186670115,0.0,1.343784607665307e-23,1.343784607665307e-23,0.0,1.343784607665307e-23,0.10041053563215017,0.16218918968113738,5.289129326271141e-23,5.289129326271141e-23,0.0,5.289129326271141e-23,0.3952153534496167,0.6383758190511409,2.269101792847619e-24,2.269101792847619e-24,0.0,2.269101792847619e-24,0.016955226687672378,0.02738711092437473,1.425466727106538e-23,1.425466727106538e-23,0.0,1.425466727106538e-23,0.10651400289757226,0.17204788034334711,11,train
29,twohub_3p6um_common_domain_v2,98.54139265681056,157.34448421770625,204.84466971727937,46.11652002169211,0.1287596712278511,0.39526822625381947,0.8669768730366623,0.002157778179483532,1.9708278531362113,3.146889684354125,4.096893394345588,0.9223304004338422,0.06169394846371151,6.076311826705933,49,281,28,13,1.3410606861691818e-22,1.3410606861691818e-22,1.0,1.1121944263194994e-22,1.1121944263194994e-22,0.8293393712827029,0.8293393712827029,0.8293393712827029,0.0,9.860666485467722e-24,9.860666485467722e-24,0.0,9.860666485467722e-24,0.07352886105128688,0.08865955674763519,2.1544556714150147e-24,2.1544556714150147e-24,0.0,2.1544556714150147e-24,0.01606531079193249,0.019371214424663063,3.168407237575637e-24,3.168407237575637e-24,0.0,3.168407237575637e-24,0.023626128707317322,0.02848788991022556,9.603591323749156e-23,9.603591323749156e-23,0.0,9.603591323749156e-23,0.7161190707321662,0.8634813389174761,11,train
30,twohub_3p6um_common_domain_v2,147.25854177031104,185.28249707396714,190.33885146247022,66.780191783122,0.46707320673827113,0.9126388347030951,0.766242024044932,0.3848183663541112,2.9451708354062207,3.7056499414793427,3.8067770292494045,1.3356038356624402,0.06186755745992022,6.138172149658203,49,281,28,13,1.346717730766895e-22,1.346717730766895e-22,1.0,7.695725594973362e-23,7.695725594973362e-23,0.5714431034178925,0.5714431034178925,0.5714431034178925,0.0,2.3504351418095355e-24,2.3504351418095355e-24,0.0,2.3504351418095355e-24,0.01745306449979736,0.030542086159423037,8.433495805933434e-24,8.433495805933434e-24,0.0,8.433495805933434e-24,0.06262259427690864,0.10958675308592036,1.0473347675348979e-23,1.0473347675348979e-23,0.0,1.0473347675348979e-23,0.07776943479748262,0.1360930499157855,5.569997732664168e-23,5.569997732664168e-23,0.0,5.569997732664168e-23,0.4135980098437039,0.7237781108388711,11,train
31,twohub_3p6um_common_domain_v2,119.90886452485343,142.24566018086685,142.81064605877708,63.13079193030464,0.27714489253370433,0.11566037371975647,0.4361850420748408,0.31723688759823404,2.3981772904970686,2.844913203617337,2.856212921175542,1.2626158386060928,0.11621608434050237,6.108537197113037,49,281,28,13,1.3284572270921702e-22,1.3284572270921702e-22,1.0,8.802776409117176e-23,8.802776409117176e-23,0.6626315269770012,0.6626315269770012,0.6626315269770012,0.0,5.235060329582997e-23,5.235060329582997e-23,0.0,5.235060329582997e-23,0.39407067256820166,0.5947055890413122,5.6930382596632545e-24,5.6930382596632545e-24,0.0,5.6930382596632545e-24,0.04285450930267899,0.06467321212165385,2.4114458697949224e-23,2.4114458697949224e-23,0.0,2.4114458697949224e-23,0.18152228168258616,0.273941510918913,5.8696638377293016e-24,5.8696638377293016e-24,0.0,5.8696638377293016e-24,0.04418406342353435,0.06667968791812089,11,train
32,twohub_3p6um_common_domain_v2,91.9688476738749,140.6528500906317,138.39361761000583,66.9191284094558,0.08311699773524239,0.08616389056725347,0.4055112334028183,0.387391266841774,1.8393769534774982,2.8130570018126337,2.7678723522001167,1.3383825681891157,0.06102195885448904,6.036786317825317,49,281,28,13,1.3370817934043574e-22,1.3370817934043574e-22,1.0,9.332169845110345e-23,9.332169845110345e-23,0.6979505585331182,0.6979505585331182,0.6979505585331182,0.0,5.122763191391148e-23,5.122763191391148e-23,0.0,5.122763191391148e-23,0.38313012836320426,0.5489359148424903,2.5702665615796332e-24,2.5702665615796332e-24,0.0,2.5702665615796332e-24,0.019222956847205673,0.027542003673736628,2.824331257771451e-23,2.824331257771451e-23,0.0,2.824331257771451e-23,0.2112310011028116,0.3026446479916221,1.1280487397897815e-23,1.1280487397897815e-23,0.0,1.1280487397897815e-23,0.08436647221989653,0.12087743349215085,11,train
33,twohub_3p6um_common_domain_v2,209.01598038805292,166.32110946187248,186.19609851665183,48.743255672162064,0.8959443082503675,0.5615020270717126,0.7374729063656377,0.05080103096596415,4.180319607761058,3.3264221892374497,3.723921970333037,0.9748651134432412,0.12979813770864893,6.100937366485596,49,281,28,13,1.322429414624259e-22,1.322429414624259e-22,1.0,7.941596496182494e-23,7.941596496182494e-23,0.6005308418248496,0.6005308418248496,0.6005308418248496,0.0,4.507963184876288e-23,4.507963184876288e-23,0.0,4.507963184876288e-23,0.3408849754114954,0.5676394144481219,7.079940739813603e-24,7.079940739813603e-24,0.0,7.079940739813603e-24,0.05353738098622996,0.08915009397942734,6.471629699196793e-24,6.471629699196793e-24,0.0,6.471629699196793e-24,0.04893743006340775,0.08149028601878337,2.0784762674051666e-23,2.0784762674051666e-23,0.0,2.0784762674051666e-23,0.15717105536371653,0.2617202055536673,11,train
34,twohub_3p6um_common_domain_v2,141.91261165488828,188.0232105773706,219.7857865696339,75.92771185035758,0.42994869204783526,0.963392788469826,0.970734628955791,0.554216886117733,2.8382522330977658,3.7604642115474123,4.395715731392678,1.5185542370071516,0.23189665613557858,6.110320091247559,49,281,28,13,1.265359591993934e-22,1.265359591993934e-22,1.0,6.26965115011487e-23,6.26965115011487e-23,0.4954837494245609,0.4954837494245609,0.4954837494245609,0.0,1.5575115795221532e-24,1.5575115795221532e-24,0.0,1.5575115795221532e-24,0.01230884555960769,0.024842077210206776,6.525196846328351e-24,6.525196846328351e-24,0.0,6.525196846328351e-24,0.051567924940973085,0.10407591571037887,3.076734107803278e-23,3.076734107803278e-23,0.0,3.076734107803278e-23,0.24315096888426857,0.4907344976836402,2.3846461997265412e-23,2.3846461997265412e-23,0.0,2.3846461997265412e-23,0.18845601003971155,0.38034750939577405,11,train
35,twohub_3p6um_common_domain_v2,101.26754719454155,184.99177681786682,91.4613389542511,79.70505658770247,0.1476912999620941,0.9072551262567929,0.07959263162674378,0.6241677145870829,2.0253509438908313,3.6998355363573365,1.829226779085022,1.5941011317540497,0.09194463151689117,6.10688328742981,49,281,28,13,1.3326038225711076e-22,1.3326038225711076e-22,1.0,7.670711784639901e-23,7.670711784639901e-23,0.575618323669531,0.575618323669531,0.575618323669531,0.0,1.8581668741795714e-23,1.8581668741795714e-23,0.0,1.8581668741795714e-23,0.13943880714633172,0.24224177968730737,1.778105987460461e-23,1.778105987460461e-23,0.0,1.778105987460461e-23,0.13343095354700452,0.23180456225991986,6.47371119166055e-24,6.47371119166055e-24,0.0,6.47371119166055e-24,0.048579413341095334,0.08439518226488099,3.387067803833815e-23,3.387067803833815e-23,0.0,3.387067803833815e-23,0.25416914963509957,0.44155847578789187,11,train
36,twohub_3p6um_common_domain_v2,176.96417944773117,173.81317912036704,102.90804076617633,86.47113526217908,0.6733623572759109,0.7002440577845748,0.15908361643178004,0.7494654678181311,3.5392835889546235,3.476263582407341,2.0581608153235265,1.7294227052435815,0.06554769355557308,6.103525400161743,49,281,28,13,1.3412982174719991e-22,1.3412982174719991e-22,1.0,1.0562466651406182e-22,1.0562466651406182e-22,0.7874808535355922,0.7874808535355922,0.7874808535355922,0.0,6.59702029968068e-23,6.59702029968068e-23,0.0,6.59702029968068e-23,0.4918384453022207,0.6245719411386181,1.42300456744114e-23,1.42300456744114e-23,0.0,1.42300456744114e-23,0.10609158715823362,0.13472275126678815,5.808774480554464e-25,5.808774480554464e-25,0.0,5.808774480554464e-25,0.0043307106539681416,0.005499448824088018,2.484354039478819e-23,2.484354039478819e-23,0.0,2.484354039478819e-23,0.1852201104211698,0.2352058587705057,11,train
37,twohub_3p6um_common_domain_v2,109.11910800147749,139.6045403188654,132.17504477461614,97.70249864233618,0.2022160277880381,0.06675074664565536,0.3623266998237232,0.9574536785617811,2.1823821600295497,2.7920908063773076,2.643500895492323,1.9540499728467235,0.019768975516084145,6.0761191844940186,49,281,28,13,1.3493736296617028e-22,1.3493736296617028e-22,1.0,1.2513856821787005e-22,1.2513856821787005e-22,0.9273826423393433,0.9273826423393433,0.9273826423393433,0.0,4.282036200114704e-23,4.282036200114704e-23,0.0,4.282036200114704e-23,0.3173351031906737,0.3421835698694865,1.2026380204320232e-23,1.2026380204320232e-23,0.0,1.2026380204320232e-23,0.08912565015321462,0.09610450539422777,2.142736911396533e-23,2.142736911396533e-23,0.0,2.142736911396533e-23,0.1587949300546011,0.17122913758018735,4.886445689843743e-23,4.886445689843743e-23,0.0,4.886445689843743e-23,0.3621269589408538,0.39048278715609824,11,train
38,twohub_3p6um_common_domain_v2,209.80607533109747,179.54567691116802,153.1109302988249,65.15610159773925,0.901431078688177,0.8064014242808892,0.5077147937418397,0.3547426221803565,4.1961215066219495,3.5909135382233606,3.0622186059764984,1.3031220319547852,0.05076416999527017,6.083770751953125,49,281,28,13,1.3474907357447203e-22,1.3474907357447203e-22,1.0,1.0848231203924492e-22,1.0848231203924492e-22,0.8050690751449938,0.8050690751449938,0.8050690751449938,0.0,8.207211948571527e-23,8.207211948571527e-23,0.0,8.207211948571527e-23,0.6090737198304842,0.7565483989318423,2.622548182092404e-24,2.622548182092404e-24,0.0,2.622548182092404e-24,0.019462457978555194,0.024174892042710724,1.123170515483255e-23,1.123170515483255e-23,0.0,1.123170515483255e-23,0.08335274489753802,0.10353489839679422,1.2555939216604707e-23,1.2555939216604707e-23,0.0,1.2555939216604707e-23,0.09318015243841651,0.1157418106286528,11,train
39,twohub_3p6um_common_domain_v2,111.26934906826806,172.9022358186365,90.28285955938841,81.43966953108297,0.21714825741852817,0.6833747373821576,0.07140874694019732,0.6562901765015364,2.2253869813653613,3.45804471637273,1.8056571911877684,1.6287933906216594,0.15978788669961483,6.072014570236206,49,281,28,13,1.3048010727551463e-22,1.3048010727551463e-22,1.0,5.911998987710557e-23,5.911998987710557e-23,0.4530958098637292,0.4530958098637292,0.4530958098637292,0.0,2.0509545377949814e-23,2.0509545377949814e-23,0.0,2.0509545377949814e-23,0.1571852277423637,0.3469138851441551,8.848189613279923e-24,8.848189613279923e-24,0.0,8.848189613279923e-24,0.067812556243509,0.1496649378944907,5.674716514268555e-24,5.674716514268555e-24,0.0,5.674716514268555e-24,0.04349104727731511,0.09598642567538919,2.408753837160727e-23,2.408753837160727e-23,0.0,2.408753837160727e-23,0.18460697860054137,0.40743475128596496,11,train
40,twohub_3p6um_common_domain_v2,84.76275498234973,143.77223291955013,87.70250417943613,69.87027979167539,0.033074687377428705,0.1439302392509284,0.05348961235719537,0.44204221836435903,1.6952550996469946,2.875444658391003,1.7540500835887227,1.3974055958335077,0.20377770619885602,6.055974721908569,49,281,28,13,1.2758948705038772e-22,1.2758948705038772e-22,1.0,1.005412439341835e-22,1.005412439341835e-22,0.7880057068845938,0.7880057068845938,0.7880057068845938,0.0,6.102657813815868e-23,6.102657813815868e-23,0.0,6.102657813815868e-23,0.4783041263741269,0.6069805360485495,6.664659074870939e-24,6.664659074870939e-24,0.0,6.664659074870939e-24,0.05223517414282673,0.06628781198722557,8.237958703222166e-24,8.237958703222166e-24,0.0,8.237958703222166e-24,0.06456612447990191,0.08193611279183013,2.4612048017931718e-23,2.4612048017931718e-23,0.0,2.4612048017931718e-23,0.19290028188773822,0.2447955391723948,11,train
41,twohub_3p6um_common_domain_v2,108.91072939921558,161.10696120547806,111.60256422766138,57.61257655976249,0.20076895416121932,0.46494372602737144,0.21946225158098176,0.2150477140696757,2.178214587984312,3.222139224109561,2.2320512845532274,1.1522515311952497,0.177802760569466,6.050126314163208,49,281,28,13,1.3065792884058604e-22,1.3065792884058604e-22,1.0,4.653739430535895e-23,4.653739430535895e-23,0.35617734582444355,0.35617734582444355,0.35617734582444355,0.0,2.782109429103066e-23,2.782109429103066e-23,0.0,2.782109429103066e-23,0.21293077686065878,0.5978223470888864,3.104406323472049e-24,3.104406323472049e-24,0.0,3.104406323472049e-24,0.023759800503647146,0.06670778134036107,6.727788169957245e-24,6.727788169957245e-24,0.0,6.727788169957245e-24,0.051491618072147215,0.1445673585807643,8.88410552089899e-24,8.88410552089899e-24,0.0,8.88410552089899e-24,0.06799515038799035,0.19090251298998823,11,train
42,twohub_3p6um_common_domain_v2,129.78769382081208,138.66342339049484,135.57817147862497,94.02194162533456,0.3457478737556394,0.049322655379534106,0.3859595241571178,0.8892952152839734,2.5957538764162416,2.773268467809897,2.7115634295724993,1.8804388325066914,0.038572789053696356,6.065911293029785,49,281,28,13,1.3451948074907547e-22,1.3451948074907547e-22,1.0,1.171389497379707e-22,1.171389497379707e-22,0.8707954348744078,0.8707954348744078,0.8707954348744078,0.0,4.43967673461412e-23,4.43967673461412e-23,0.0,4.43967673461412e-23,0.33003968718074567,0.3790094366173914,1.8373086622422867e-23,1.8373086622422867e-23,0.0,1.8373086622422867e-23,0.13658309205560282,0.1568486542138359,1.25627166689433e-23,1.25627166689433e-23,0.0,1.25627166689433e-23,0.09338957152516099,0.10724628056718084,4.180637910046332e-23,4.180637910046332e-23,0.0,4.180637910046332e-23,0.31078308411289823,0.3568956286015918,11,train
43,twohub_3p6um_common_domain_v2,147.52277553283778,179.30130212537108,186.45659664248453,86.27894464504573,0.4689081634224846,0.8018759652846497,0.7392819211283648,0.7459063823156616,2.950455510656756,3.5860260425074215,3.7291319328496906,1.7255788929009146,0.0997101259274013,6.054809331893921,49,281,28,13,1.3347545854173283e-22,1.3347545854173283e-22,1.0,7.489025939021002e-23,7.489025939021002e-23,0.5610788695421085,0.5610788695421085,0.5610788695421085,0.0,3.23452659844322e-24,3.23452659844322e-24,0.0,3.23452659844322e-24,0.024233118460738633,0.043190217590113614,1.3737619551383946e-23,1.3737619551383946e-23,0.0,1.3737619551383946e-23,0.10292243758869501,0.18343666670728326,2.5735298273415076e-23,2.5735298273415076e-23,0.0,2.5735298273415076e-23,0.19280921417751565,0.34364012734050303,3.2182814966967785e-23,3.2182814966967785e-23,0.0,3.2182814966967785e-23,0.2411140993151592,0.42973298836210017,11,train
44,twohub_3p6um_common_domain_v2,210.48334480096074,174.80624772816728,167.82766127303483,96.91060047107604,0.9061343388955607,0.7186342171882829,0.6099143143960752,0.9427888976125192,4.209666896019215,3.4961249545633453,3.3565532254606967,1.9382120094215207,0.04558759303455011,6.076900005340576,49,281,28,13,1.3484078656415635e-22,1.3484078656415635e-22,1.0,9.702750460950903e-23,9.702750460950903e-23,0.7195708886149518,0.7195708886149518,0.7195708886149518,0.0,4.849169042270892e-23,4.849169042270892e-23,0.0,4.849169042270892e-23,0.3596218299990181,0.4997726223905852,2.95399657046477e-24,2.95399657046477e-24,0.0,2.95399657046477e-24,0.021907292635520766,0.03044494014715976,2.5114375852787653e-23,2.5114375852787653e-23,0.0,2.5114375852787653e-23,0.1862520717412042,0.2588376971443452,2.0467441763547687e-23,2.0467441763547687e-23,0.0,2.0467441763547687e-23,0.15178969423920866,0.21094474031790988,11,train
45,twohub_3p6um_common_domain_v2,180.41999677802687,179.44991739557486,84.2053897447857,90.36326942006997,0.6973610887362978,0.804628099918053,0.02920409544990073,0.821542026297592,3.6083999355605374,3.588998347911497,1.6841077948957142,1.8072653884013994,0.0464742477476522,6.0491251945495605,49,281,28,13,1.3416912835589846e-22,1.3416912835589846e-22,1.0,1.2060774853616683e-22,1.2060774853616683e-22,0.8989232472036446,0.8989232472036446,0.8989232472036446,0.0,7.514265963628459e-23,7.514265963628459e-23,0.0,7.514265963628459e-23,0.560059236853357,0.6230334331608175,6.768475743375982e-24,6.768475743375982e-24,0.0,6.768475743375982e-24,0.050447340802735566,0.056119742102194274,5.9218819715663965e-24,5.9218819715663965e-24,0.0,5.9218819715663965e-24,0.04413744088623688,0.04910034424355905,3.277473118493986e-23,3.277473118493986e-23,0.0,3.277473118493986e-23,0.24427922866131516,0.2717464804934291,11,train
46,twohub_3p6um_common_domain_v2,128.86217514691214,177.06244459348957,86.48185090344002,95.54327278754195,0.3393206607424454,0.7604156406201773,0.04501285349611125,0.9174680145841102,2.577243502938243,3.5412488918697917,1.7296370180688003,1.910865455750839,0.09314872588662891,6.069093465805054,49,281,28,13,1.3298154195628462e-22,1.3298154195628462e-22,1.0,8.153489492237421e-23,8.153489492237421e-23,0.6131294142248508,0.6131294142248508,0.6131294142248508,0.0,4.47751579188091e-24,4.47751579188091e-24,0.0,4.47751579188091e-24,0.03367020509773316,0.05491533160303642,1.7822909391014236e-23,1.7822909391014236e-23,0.0,1.7822909391014236e-23,0.13402543788274923,0.21859241258583387,5.173696869947849e-24,5.173696869947849e-24,0.0,5.173696869947849e-24,0.03890537584267606,0.06345377491285784,5.406077286953123e-23,5.406077286953123e-23,0.0,5.406077286953123e-23,0.40652839540169244,0.663038480898272,11,train
47,twohub_3p6um_common_domain_v2,82.4303189740397,150.43190915598566,145.09228056537393,52.914587290426184,0.01687721509749787,0.2672575769626975,0.45202972614843007,0.12804791278567007,1.648606379480794,3.008638183119713,2.9018456113074786,1.0582917458085237,0.10179195894247174,6.050412654876709,49,281,28,13,1.331694668195227e-22,1.331694668195227e-22,1.0,8.041595803584426e-23,8.041595803584426e-23,0.6038618307665647,0.6038618307665647,0.6038618307665647,0.0,2.0852261348249925e-23,2.0852261348249925e-23,0.0,2.0852261348249925e-23,0.1565844021626208,0.25930501678479445,3.247926840118864e-24,3.247926840118864e-24,0.0,3.247926840118864e-24,0.024389425877334194,0.04038908345369892,2.9895553000520783e-23,2.9895553000520783e-23,0.0,2.9895553000520783e-23,0.22449254858875867,0.37176144798517813,2.642021684695469e-23,2.642021684695469e-23,0.0,2.642021684695469e-23,0.19839545413785106,0.32854445177632846,11,train
48,twohub_3p6um_common_domain_v2,103.01461195111726,178.6459877826496,205.97849408073523,46.84858492916377,0.15982369410498098,0.7897405144935111,0.8748506533384391,0.01571453572525501,2.060292239022345,3.572919755652992,4.119569881614704,0.9369716985832753,0.04626234350678936,6.066057443618774,49,281,28,13,1.349926815102277e-22,1.349926815102277e-22,1.0,1.1089922282112805e-22,1.1089922282112805e-22,0.8215202600648079,0.8215202600648079,0.8215202600648079,0.0,3.6696024317744134e-24,3.6696024317744134e-24,0.0,3.6696024317744134e-24,0.027183713892640814,0.033089523428790846,6.576866251582761e-25,6.576866251582761e-25,0.0,6.576866251582761e-25,0.004872016896030371,0.005930489037051903,2.652409186375629e-24,2.652409186375629e-24,0.0,2.652409186375629e-24,0.01964854062236455,0.023917292825881762,1.0391952457781973e-22,1.0391952457781973e-22,0.0,1.0391952457781973e-22,0.7698159886537722,0.9370626947082754,11,train
49,twohub_3p6um_common_domain_v2,223.48676607771256,149.45521487970194,211.7595849354931,56.72371039134361,0.9964358755396705,0.24917064592040633,0.9149971176075911,0.19858722946932608,4.469735321554251,2.989104297594039,4.235191698709863,1.1344742078268721,0.13257869386217752,6.066594839096069,49,281,28,13,1.31355892275327e-22,1.31355892275327e-22,1.0,9.532451646737146e-23,9.532451646737146e-23,0.7256965395017653,0.7256965395017653,0.7256965395017653,0.0,7.175399621661551e-24,7.175399621661551e-24,0.0,7.175399621661551e-24,0.05462563953067014,0.07527339122792835,4.1049718797976516e-23,4.1049718797976516e-23,0.0,4.1049718797976516e-23,0.3125076316480324,0.43063128268819895,2.855493888378334e-24,2.855493888378334e-24,0.0,2.855493888378334e-24,0.021738605241956782,0.029955503517877673,4.4243904159355066e-23,4.4243904159355066e-23,0.0,4.4243904159355066e-23,0.336824663081106,0.46413982256599506,11,train
50,twohub_3p6um_common_domain_v2,146.1991011046186,143.44635580856522,132.57518167658273,68.25475509174598,0.4597159798931847,0.13789547793639287,0.3651054283096023,0.41212509429159216,2.923982022092372,2.8689271161713044,2.6515036335316546,1.3650951018349196,0.058746108639650636,6.085483074188232,49,281,28,13,1.3475910684808045e-22,1.3475910684808045e-22,1.0,9.564978731950057e-23,9.564978731950057e-23,0.7097834762835773,0.7097834762835773,0.7097834762835773,0.0,6.165179215563985e-23,6.165179215563985e-23,0.0,6.165179215563985e-23,0.45749629540912945,0.6445575456399433,7.616763814339617e-24,7.616763814339617e-24,0.0,7.616763814339617e-24,0.05652132900321395,0.07963179038649836,9.766536865147826e-24,9.766536865147826e-24,0.0,9.766536865147826e-24,0.07247403974083955,0.10210725124274977,1.661469448437328e-23,1.661469448437328e-23,0.0,1.661469448437328e-23,0.12329181213039439,0.1737034127308087,11,train
51,twohub_3p6um_common_domain_v2,179.50974794990134,157.08106181489399,207.7816629216315,83.13272284909961,0.6910399163187593,0.39039003360914787,0.8873726591779965,0.6876430157240668,3.5901949589980267,3.14162123629788,4.155633258432631,1.662654456981992,0.10052717239885962,6.074878215789795,49,281,28,13,1.3332358976610598e-22,1.3332358976610598e-22,1.0,8.310788745135213e-23,8.310788745135213e-23,0.6233547086239657,0.6233547086239657,0.6233547086239657,0.0,3.6403509750503773e-23,3.6403509750503773e-23,0.0,3.6403509750503773e-23,0.2730462764644101,0.43802713396863635,4.7424001731492406e-24,4.7424001731492406e-24,0.0,4.7424001731492406e-24,0.03557060068266232,0.05706317797965016,1.9319873952585407e-23,1.9319873952585407e-23,0.0,1.9319873952585407e-23,0.14490964417083957,0.23246739322900548,2.2642103575113707e-23,2.2642103575113707e-23,0.0,2.2642103575113707e-23,0.16982818730605367,0.27244229482270793,11,train
52,twohub_3p6um_common_domain_v2,87.87220084186467,162.88337905611553,213.7939004045066,69.67690390104765,0.05466806140183797,0.49784035289102835,0.9291243083646291,0.4384611833527343,1.7574440168372933,3.2576675811223104,4.275878008090132,1.393538078020953,0.10594646208841603,6.1423659324646,49,281,28,13,1.3130971227156396e-22,1.3130971227156396e-22,1.0,8.418213079282871e-23,8.418213079282871e-23,0.6410959961493948,0.6410959961493948,0.6410959961493948,0.0,1.1591471293231075e-24,1.1591471293231075e-24,0.0,1.1591471293231075e-24,0.008827581062136932,0.013769515197658226,4.921579133908582e-24,4.921579133908582e-24,0.0,4.921579133908582e-24,0.037480693916457426,0.05846346591084198,4.3381326561582706e-24,4.3381326561582706e-24,0.0,4.3381326561582706e-24,0.03303740889467872,0.05153270195588618,7.376327187343875e-23,7.376327187343875e-23,0.0,7.376327187343875e-23,0.5617503122761217,0.8762343169356136,11,train
53,twohub_3p6um_common_domain_v2,84.90324016837342,151.43439597239643,138.5524179848893,73.72069912684763,0.034050278947037604,0.28582214763697095,0.4066140137839535,0.513346280126808,1.6980648033674683,3.0286879194479286,2.771048359697786,1.4744139825369527,0.11100810208351729,6.055668115615845,49,281,28,13,1.3233769191963446e-22,1.3233769191963446e-22,1.0,7.912776365517054e-23,7.912776365517054e-23,0.5979231049550339,0.5979231049550339,0.5979231049550339,0.0,1.78886134020309e-23,1.78886134020309e-23,0.0,1.78886134020309e-23,0.13517398665902552,0.2260725259466117,2.9724851787103172e-24,2.9724851787103172e-24,0.0,2.9724851787103172e-24,0.022461364828059997,0.03756564120356108,3.546013601797882e-23,3.546013601797882e-23,0.0,3.546013601797882e-23,0.2679519002002311,0.44813772536918783,2.2806529056450504e-23,2.2806529056450504e-23,0.0,2.2806529056450504e-23,0.1723358532677173,0.28822410748063937,11,train
54,twohub_3p6um_common_domain_v2,201.80817532808828,168.71227684591156,187.43453528494751,87.09357408058904,0.8458901064450575,0.6057829045539178,0.7460731617010244,0.7609921126035006,4.036163506561766,3.3742455369182314,3.7486907056989502,1.7418714816117808,0.07312140294050551,6.085910320281982,49,281,28,13,1.340323411028935e-22,1.340323411028935e-22,1.0,8.637802277065995e-23,8.637802277065995e-23,0.6444565696599268,0.6444565696599268,0.6444565696599268,0.0,3.989580657221901e-23,3.989580657221901e-23,0.0,3.989580657221901e-23,0.29765805956930896,0.46187450571941585,4.8276431178480926e-24,4.8276431178480926e-24,0.0,4.8276431178480926e-24,0.036018494328484675,0.055889715497029174,9.54388919353321e-24,9.54388919353321e-24,0.0,9.54388919353321e-24,0.07120586803901746,0.11048978533431984,3.211068388705965e-23,3.211068388705965e-23,0.0,3.211068388705965e-23,0.23957414772311578,0.37174599344923526,11,train
55,twohub_3p6um_common_domain_v2,164.6549994560279,168.53520137730732,132.60929788319532,49.812585557697226,0.5878819406668604,0.6025037292093948,0.36534234641107866,0.07060343625365233,3.293099989120558,3.3707040275461466,2.6521859576639066,0.9962517111539446,0.04430518456237646,6.06985878944397,49,281,28,13,1.3424776809533164e-22,1.3424776809533164e-22,1.0,7.008643916178431e-23,7.008643916178431e-23,0.5220678165168059,0.5220678165168059,0.5220678165168059,0.0,3.616073674558921e-23,3.616073674558921e-23,0.0,3.616073674558921e-23,0.2693581968521879,0.5159448415137403,2.6223030742840487e-23,2.6223030742840487e-23,0.0,2.6223030742840487e-23,0.1953330853457397,0.37415270423866803,5.134891382495821e-24,5.134891382495821e-24,0.0,5.134891382495821e-24,0.03824936127689994,0.07326512009894916,2.567780290858799e-24,2.567780290858799e-24,0.0,2.567780290858799e-24,0.01912717304197843,0.03663733414864255,11,train
56,twohub_3p6um_common_domain_v2,124.45420302145693,148.9501535435731,102.11508976324147,82.62821177217698,0.308709743204562,0.23981765821431655,0.15357701224473244,0.6783002180032774,2.4890840604291387,2.979003070871462,2.0423017952648292,1.6525642354435397,0.14679709614348568,6.073124885559082,49,281,28,13,1.3154210865828134e-22,1.3154210865828134e-22,1.0,8.944895114302994e-23,8.944895114302994e-23,0.6800024118162759,0.6800024118162759,0.6800024118162759,0.0,5.813203708667034e-23,5.813203708667034e-23,0.0,5.813203708667034e-23,0.441927210074495,0.6498906509671256,4.913886908053701e-24,4.913886908053701e-24,0.0,4.913886908053701e-24,0.03735599921709437,0.05493509812313324,5.389555610783013e-24,5.389555610783013e-24,0.0,5.389555610783013e-24,0.04097209377100638,0.06025286537083089,2.101347153752289e-23,2.101347153752289e-23,0.0,2.101347153752289e-23,0.15974710875368023,0.23492138553891032,11,train
57,twohub_3p6um_common_domain_v2,125.70223591251259,169.61864434296302,162.82850554891434,48.631347552561834,0.31737663828133744,0.6225674878326486,0.575197955200794,0.04872865838077471,2.514044718250252,3.3923728868592606,3.2565701109782865,0.9726269510512366,0.08450234486548566,6.059424877166748,49,281,28,13,1.3341962084433964e-22,1.3341962084433964e-22,1.0,6.965377955268075e-23,6.965377955268075e-23,0.5220654886581161,0.5220654886581161,0.5220654886581161,0.0,1.1017241011835008e-23,1.1017241011835008e-23,0.0,1.1017241011835008e-23,0.0825758680928107,0.15817147443524462,8.777771927783042e-24,8.777771927783042e-24,0.0,8.777771927783042e-24,0.0657907125821025,0.12602003773742404,1.7598941178921438e-23,1.7598941178921438e-23,0.0,1.7598941178921438e-23,0.13190669458920198,0.2526631188134013,3.225982543414126e-23,3.225982543414126e-23,0.0,3.225982543414126e-23,0.2417922133940009,0.46314536901393005,11,train
58,twohub_3p6um_common_domain_v2,92.85016463615582,155.29165754792552,92.44481296778923,59.427020705726946,0.08923725441774878,0.3572529175541764,0.08642231227631411,0.24864853158753603,1.8570032927231166,3.1058331509585106,1.8488962593557847,1.188540414114539,0.07134767189556819,6.078820705413818,49,281,28,13,1.3271468428981289e-22,1.3271468428981289e-22,1.0,8.243505718429383e-23,8.243505718429383e-23,0.6211449593948324,0.6211449593948324,0.6211449593948324,0.0,3.369817153898307e-23,3.369817153898307e-23,0.0,3.369817153898307e-23,0.253914415871234,0.40878447459127265,1.4079158177670008e-23,1.4079158177670008e-23,0.0,1.4079158177670008e-23,0.10608591093751875,0.17079090690983934,1.2392246045559149e-23,1.2392246045559149e-23,0.0,1.2392246045559149e-23,0.09337509343350313,0.150327378530893,2.22654814220816e-23,2.22654814220816e-23,0.0,2.22654814220816e-23,0.16776953915257656,0.270097239967995,11,train
59,twohub_3p6um_common_domain_v2,104.86442255963486,175.6732383273025,175.52285474360468,85.00278377425883,0.17266960110857543,0.7346895986537499,0.6633531579416991,0.7222737735973858,2.0972884511926972,3.51346476654605,3.510457094872094,1.7000556754851768,0.05825401561726876,6.0321691036224365,49,281,28,13,1.3426952554648972e-22,1.3426952554648972e-22,1.0,8.755887600401433e-23,8.755887600401433e-23,0.6521127981024838,0.6521127981024838,0.6521127981024838,0.0,3.73968852187794e-24,3.73968852187794e-24,0.0,3.73968852187794e-24,0.02785210200644601,0.04271055879824777,2.4597296001493258e-24,2.4597296001493258e-24,0.0,2.4597296001493258e-24,0.018319343798512674,0.028092293007924794,3.790877506243255e-23,3.790877506243255e-23,0.0,3.790877506243255e-23,0.28233342531106914,0.43295182387556613,4.345068281955452e-23,4.345068281955452e-23,0.0,4.345068281955452e-23,0.3236079269864559,0.4962453243182613,11,train
60,twohub_3p6um_common_domain_v2,83.54039947498683,151.6825693874219,196.52478649900098,82.88568603487484,0.024586107465186302,0.2904179516189239,0.8091999062430624,0.6830682599050896,1.6708079894997365,3.033651387748438,3.9304957299800196,1.6577137206974968,0.03705313907349975,6.067539691925049,49,281,28,13,1.3430354035433136e-22,1.3430354035433136e-22,1.0,8.525037896643567e-23,8.525037896643567e-23,0.634758985068604,0.634758985068604,0.634758985068604,0.0,1.403942863070443e-23,1.403942863070443e-23,0.0,1.403942863070443e-23,0.10453505986263938,0.16468464775073857,1.1645490534434094e-23,1.1645490534434094e-23,0.0,1.1645490534434094e-23,0.08671022747211236,0.13660338728839078,3.5368386918707013e-23,3.5368386918707013e-23,0.0,3.5368386918707013e-23,0.26334664615240255,0.4148765946557501,2.419707288259013e-23,2.419707288259013e-23,0.0,2.419707288259013e-23,0.18016705158144972,0.28383537030512057,11,train
61,twohub_3p6um_common_domain_v2,200.83397816568055,179.13484515738003,211.81845578635335,67.88547044147441,0.8391248483727816,0.7987934288403709,0.9154059429607871,0.40528648965693354,4.016679563313611,3.5826969031476006,4.236369115727068,1.3577094088294883,0.12748410945092897,5.996041774749756,49,281,28,13,1.3257867212099072e-22,1.3257867212099072e-22,1.0,9.857946415032144e-23,9.857946415032144e-23,0.7435544690050768,0.7435544690050768,0.7435544690050768,0.0,4.458874604484162e-23,4.458874604484162e-23,0.0,4.458874604484162e-23,0.33631914795578977,0.45231272485767743,6.319971680720648e-24,6.319971680720648e-24,0.0,6.319971680720648e-24,0.047669595566269284,0.0641104284263858,4.389111219460143e-24,4.389111219460143e-24,0.0,4.389111219460143e-24,0.03310571111660146,0.04452358569090306,4.328163520529903e-23,4.328163520529903e-23,0.0,4.328163520529903e-23,0.3264600143664163,0.43905326102503367,11,train
62,twohub_3p6um_common_domain_v2,147.14766039725578,158.4159659678121,144.5155978428465,61.90611442739909,0.4663031972031651,0.41511048088540925,0.4480249850197673,0.2945576745814646,2.942953207945116,3.168319319356242,2.8903119568569298,1.238122288547982,0.09054563533590765,6.07069730758667,49,281,28,13,1.327213819848682e-22,1.327213819848682e-22,1.0,7.49850028209151e-23,7.49850028209151e-23,0.5649805758462059,0.5649805758462059,0.5649805758462059,0.0,3.9164290861840816e-23,3.9164290861840816e-23,0.0,3.9164290861840816e-23,0.29508652092174575,0.5222949841767155,1.181802762977165e-23,1.181802762977165e-23,0.0,1.181802762977165e-23,0.0890438861698942,0.1576052168457787,1.924388046164925e-23,1.924388046164925e-23,0.0,1.924388046164925e-23,0.14499457565807505,0.2566363904474199,4.758803867653378e-24,4.758803867653378e-24,0.0,4.758803867653378e-24,0.035855593096490945,0.06346340853008589,11,train
63,twohub_3p6um_common_domain_v2,98.31721991242838,165.8749726590241,96.90341109043915,90.71781914824791,0.12720291605853046,0.5532402344263724,0.11738479923916076,0.828107762004591,1.9663443982485678,3.3174994531804822,1.938068221808783,1.8143563829649583,0.19062812790282543,6.078763008117676,49,281,28,13,1.3002096701206603e-22,1.3002096701206603e-22,1.0,8.831553863169789e-23,8.831553863169789e-23,0.6792407460213871,0.6792407460213871,0.6792407460213871,0.0,2.6121290183045336e-23,2.6121290183045336e-23,0.0,2.6121290183045336e-23,0.20090059921351966,0.29577230222168377,1.2946365015704283e-24,1.2946365015704283e-24,0.0,1.2946365015704283e-24,0.00995713638593601,0.014659215372839976,4.198133937026571e-24,4.198133937026571e-24,0.0,4.198133937026571e-24,0.032288130395438305,0.0475356205948541,5.670147801005555e-23,5.670147801005555e-23,0.0,5.670147801005555e-23,0.4360948800264931,0.6420328618106221,11,train
64,twohub_3p6um_common_domain_v2,186.45154986085166,172.36070137115388,209.95877800482666,60.836683003241795,0.739246874033692,0.6733463216880348,0.9024915139224073,0.27475338894892215,3.7290309972170332,3.447214027423078,4.199175560096533,1.216733660064836,0.04674469068380803,6.115591049194336,49,281,28,13,1.3478593264139668e-22,1.3478593264139668e-22,1.0,1.0586494334217748e-22,1.0586494334217748e-22,0.7854302097225188,0.7854302097225188,0.7854302097225188,0.0,2.78225971547183e-23,2.78225971547183e-23,0.0,2.78225971547183e-23,0.2064206301761581,0.2628121857562412,1.0504388101064248e-23,1.0504388101064248e-23,0.0,1.0504388101064248e-23,0.07793386071684194,0.09922442471925653,4.162787903279706e-24,4.162787903279706e-24,0.0,4.162787903279706e-24,0.030884438915112666,0.03932168451481347,6.337517018311523e-23,6.337517018311523e-23,0.0,6.337517018311523e-23,0.4701912799144061,0.5986417050096888,11,train
65,twohub_3p6um_common_domain_v2,108.17400751212622,163.9923782770781,205.3332685242251,47.685412802345134,0.195652829945321,0.5183773755014464,0.8703699203071188,0.031211348191576553,2.1634801502425245,3.2798475655415618,4.106665370484502,0.9537082560469027,0.0577514370482786,6.027015686035156,49,281,28,13,1.3413386827255598e-22,1.3413386827255598e-22,1.0,1.1733882804823258e-22,1.1733882804823258e-22,0.8747889668685587,0.8747889668685587,0.8747889668685587,0.0,8.748137067730702e-24,8.748137067730702e-24,0.0,8.748137067730702e-24,0.06521944964678683,0.07455449498894558,7.999911763029535e-25,7.999911763029535e-25,0.0,7.999911763029535e-25,0.005964125143080161,0.006817787339533628,2.2704134348707474e-24,2.2704134348707474e-24,0.0,2.2704134348707474e-24,0.01692647400772291,0.019349208379152084,1.0552028636932818e-22,1.0552028636932818e-22,0.0,1.0552028636932818e-22,0.7866789180709687,0.8992785092923687,11,train
66,twohub_3p6um_common_domain_v2,88.91651386137717,149.9113809336541,219.33587139578995,59.35243369340274,0.06192023514845256,0.2576181654380389,0.9676102180263191,0.24726729061856922,1.7783302772275433,2.998227618673082,4.386717427915799,1.1870486738680548,0.023966344772079526,6.067611455917358,49,281,28,13,1.344571184016842e-22,1.344571184016842e-22,1.0,1.2327817911054094e-22,1.2327817911054094e-22,0.9168587024322007,0.9168587024322007,0.9168587024322007,0.0,2.0178826091564883e-23,2.0178826091564883e-23,0.0,2.0178826091564883e-23,0.15007629444565074,0.16368530292348782,4.550974225687375e-24,4.550974225687375e-24,0.0,4.550974225687375e-24,0.03384703078413118,0.03691629985552117,1.2881241357577755e-24,1.2881241357577755e-24,0.0,1.2881241357577755e-24,0.009580185497576756,0.010448922469910443,9.726025465753091e-23,9.726025465753091e-23,0.0,9.726025465753091e-23,0.723355191704842,0.7889494747510806,11,train
67,twohub_3p6um_common_domain_v2,166.1684634546615,188.88660567075246,165.5329542995979,47.14444261398537,0.5983921073240381,0.979381586495416,0.5939788493027631,0.021193381740469794,3.32336926909323,3.777732113415049,3.310659085991958,0.9428888522797074,0.03552659704046637,6.080237627029419,49,281,28,13,1.3540093165834424e-22,1.3540093165834424e-22,1.0,6.681914594810083e-23,6.681914594810083e-23,0.4934910353254059,0.4934910353254059,0.4934910353254059,0.0,2.0967768910281728e-23,2.0967768910281728e-23,0.0,2.0967768910281728e-23,0.15485690278106418,0.31379881638366985,1.2655068757939851e-23,1.2655068757939851e-23,0.0,1.2655068757939851e-23,0.0934636756405211,0.1893928540746268,1.264149474235633e-23,1.264149474235633e-23,0.0,1.264149474235633e-23,0.09336342510740238,0.18918970847330374,2.0554813537522925e-23,2.0554813537522925e-23,0.0,2.0554813537522925e-23,0.1518070317964183,0.3076186210683997,11,train
68,twohub_3p6um_common_domain_v2,208.98911625074456,141.1869919719166,176.97011179617564,89.7773057909234,0.8957577517412817,0.0960554068873444,0.6734035541401087,0.8106908479800631,4.179782325014891,2.823739839438332,3.539402235923513,1.7955461158184682,0.020146887531465273,6.023423671722412,49,281,28,13,1.349869218104025e-22,1.349869218104025e-22,1.0,8.19321532811428e-23,8.19321532811428e-23,0.6069636390125378,0.6069636390125378,0.6069636390125378,0.0,2.99010485201414e-24,2.99010485201414e-24,0.0,2.99010485201414e-24,0.02215107072531017,0.036494889152416936,4.2873905386778254e-23,4.2873905386778254e-23,0.0,4.2873905386778254e-23,0.317615253476165,0.523285470597365,1.3722101698911846e-23,1.3722101698911846e-23,0.0,1.3722101698911846e-23,0.10165504565090674,0.16748127748852992,2.2346041343438575e-23,2.2346041343438575e-23,0.0,2.2346041343438575e-23,0.16554226916015594,0.2727383627616883,11,train
69,twohub_3p6um_common_domain_v2,83.8798512393972,153.54587851029387,133.75224482448053,52.60257123268209,0.02694341138470276,0.32492367611655326,0.37327947794778144,0.12226983764226089,1.677597024787944,3.0709175702058773,2.6750448964896103,1.0520514246536419,0.09483566195192415,6.058894157409668,49,281,28,13,1.3196574888318775e-22,1.3196574888318775e-22,1.0,6.677533505732441e-23,6.677533505732441e-23,0.506005047691822,0.506005047691822,0.506005047691822,0.0,1.4322138903589416e-23,1.4322138903589416e-23,0.0,1.4322138903589416e-23,0.1085292132602298,0.21448247157867997,6.45679910859691e-24,6.45679910859691e-24,0.0,6.45679910859691e-24,0.048927840468001145,0.09669437230159851,2.891518538433164e-23,2.891518538433164e-23,0.0,2.891518538433164e-23,0.2191112893234632,0.4330219437986932,1.7081211660806447e-23,1.7081211660806447e-23,0.0,1.7081211660806447e-23,0.1294367046401278,0.2558012123210283,11,train
70,twohub_3p6um_common_domain_v2,195.93958254440037,165.65206409645162,106.37158076812213,98.59438222045596,0.8051359898916692,0.5491122980824374,0.18313597755640368,0.9739700411195548,3.9187916508880076,3.3130412819290327,2.1274316153624424,1.9718876444091191,0.03233970924173691,6.0919365882873535,49,281,28,13,1.3493642929291814e-22,1.3493642929291814e-22,1.0,1.1034436052042507e-22,1.1034436052042507e-22,0.8177507074897546,0.8177507074897546,0.8177507074897546,0.0,4.082057775504942e-23,4.082057775504942e-23,0.0,4.082057775504942e-23,0.3025171035646473,0.36993805177287165,4.083073647007748e-24,4.083073647007748e-24,0.0,4.083073647007748e-24,0.030259238875695076,0.03700301155174993,4.1944852438655996e-23,4.1944852438655996e-23,0.0,4.1944852438655996e-23,0.3108489876192195,0.38012683421996796,2.3495856679711895e-23,2.3495856679711895e-23,0.0,2.3495856679711895e-23,0.1741253774301928,0.21293210245541042,11,train
71,twohub_3p6um_common_domain_v2,107.38448240888107,137.54982550220038,122.00696183694538,57.501119065335416,0.19017001672834077,0.028700472262969953,0.29171501275656514,0.2129836863951003,2.1476896481776215,2.7509965100440072,2.440139236738908,1.1500223813067083,0.15224686801972,6.040944576263428,49,281,28,13,1.3055289973472703e-22,1.3055289973472703e-22,1.0,8.686346291949448e-23,8.686346291949448e-23,0.6653506976558471,0.6653506976558471,0.6653506976558471,0.0,6.295772840220944e-23,6.295772840220944e-23,0.0,6.295772840220944e-23,0.48223921896897326,0.7247895292933347,1.1712663434524516e-23,1.1712663434524516e-23,0.0,1.1712663434524516e-23,0.0897158428370699,0.13483993201353112,7.123013928885889e-24,7.123013928885889e-24,0.0,7.123013928885889e-24,0.05456036551742075,0.08200241723597339,5.0700571538746276e-24,5.0700571538746276e-24,0.0,5.0700571538746276e-24,0.038835270332383084,0.05836812145716069,11,train
72,twohub_3p6um_common_domain_v2,93.37780471566279,144.36530664896938,183.77454166411295,62.52785640987348,0.09290142163654716,0.15491308609202556,0.7206565393341177,0.306071414997657,1.8675560943132556,2.8873061329793877,3.6754908332822587,1.2505571281974697,0.03518925912092542,6.044459104537964,49,281,28,13,1.34643326187521e-22,1.34643326187521e-22,1.0,1.1434383199233406e-22,1.1434383199233406e-22,0.8492350510792095,0.8492350510792095,0.8492350510792095,0.0,3.243687449403754e-23,3.243687449403754e-23,0.0,3.243687449403754e-23,0.240909634457945,0.2836783928687312,4.071934221195107e-24,4.071934221195107e-24,0.0,4.071934221195107e-24,0.030242376926458474,0.03561131501582089,8.948897588585913e-24,8.948897588585913e-24,0.0,8.948897588585913e-24,0.0664637293357011,0.07826305479412193,6.88861256885155e-23,6.88861256885155e-23,0.0,6.88861256885155e-23,0.5116193103591049,0.602447237321326,11,train
73,twohub_3p6um_common_domain_v2,82.58653313396809,179.16027860227229,126.79764334368332,77.60038345778862,0.017962035652556177,0.7992644185605978,0.32498363433113414,0.5851922862553449,1.6517306626793617,3.5832055720454457,2.5359528668736666,1.5520076691557725,0.11143552854973376,6.059925317764282,49,281,28,13,1.3278363943262762e-22,1.3278363943262762e-22,1.0,7.874862222729636e-23,7.874862222729636e-23,0.5930596763560786,0.5930596763560786,0.5930596763560786,0.0,7.702845902793673e-24,7.702845902793673e-24,0.0,7.702845902793673e-24,0.058010504424394684,0.09781562756184528,3.6296039423187745e-24,3.6296039423187745e-24,0.0,3.6296039423187745e-24,0.027334722544341616,0.046091015177922155,2.7787581563949445e-23,2.7787581563949445e-23,0.0,2.7787581563949445e-23,0.20926961847621625,0.352864352137421,3.962859081823447e-23,3.962859081823447e-23,0.0,3.962859081823447e-23,0.29844483091112595,0.5032290051228114,11,train
74,twohub_3p6um_common_domain_v2,122.18840964974038,178.32597662773355,179.5884530651196,62.643237780744556,0.292975067012086,0.7838143819950658,0.6915864796188862,0.30820810705082513,2.4437681929948076,3.5665195325546715,3.5917690613023923,1.252864755614891,0.0672702993940835,6.111268758773804,49,281,28,13,1.3403620564299866e-22,1.3403620564299866e-22,1.0,8.757070427950823e-23,8.757070427950823e-23,0.6533361927056495,0.6533361927056495,0.6533361927056495,0.0,5.85414701937425e-24,5.85414701937425e-24,0.0,5.85414701937425e-24,0.04367586348248765,0.06685051887545611,3.5112181051253254e-24,3.5112181051253254e-24,0.0,3.5112181051253254e-24,0.02619604224307384,0.040095807542191476,1.5799931515812757e-23,1.5799931515812757e-23,0.0,1.5799931515812757e-23,0.11787808704384987,0.18042485378880277,6.24054076391959e-23,6.24054076391959e-23,0.0,6.24054076391959e-23,0.4655861999362381,0.7126288197935496,11,train
75,twohub_3p6um_common_domain_v2,184.70409113339622,170.39618544464776,152.31092611890952,66.48186980627692,0.7271117439819181,0.6369663971231065,0.5021592091590938,0.37929388530142444,3.694081822667924,3.4079237088929553,3.04621852237819,1.3296373961255383,0.08979823698617359,6.1213603019714355,49,281,28,13,1.3348378192335233e-22,1.3348378192335233e-22,1.0,8.193972310551043e-23,8.193972310551043e-23,0.6138552708415245,0.6138552708415245,0.6138552708415245,0.0,4.3919219060395595e-23,4.3919219060395595e-23,0.0,4.3919219060395595e-23,0.3290228852342109,0.5359942332712379,1.1042350580091898e-23,1.1042350580091898e-23,0.0,1.1042350580091898e-23,0.08272428620903566,0.13476187325984876,1.3526822873416398e-23,1.3526822873416398e-23,0.0,1.3526822873416398e-23,0.10133682668043995,0.1650826041479108,1.3451330591606543e-23,1.3451330591606543e-23,0.0,1.3451330591606543e-23,0.10077127271783794,0.16416128932100266,11,train
76,twohub_3p6um_common_domain_v2,151.01776894516883,184.69718164509695,144.65543721137678,51.62735046960401,0.4931789510081168,0.901799660094388,0.44899609174567207,0.10421019388155575,3.0203553789033766,3.6939436329019393,2.893108744227536,1.03254700939208,0.06808422204483364,6.057789325714111,49,281,28,13,1.3400447448004143e-22,1.3400447448004143e-22,1.0,4.121837815685922e-23,4.121837815685922e-23,0.3075895660707827,0.3075895660707827,0.3075895660707827,0.0,7.785814813827553e-24,7.785814813827553e-24,0.0,7.785814813827553e-24,0.0581011555325876,0.18889182840232405,1.5869574409629174e-23,1.5869574409629174e-23,0.0,1.5869574409629174e-23,0.11842570534458371,0.38501210186476714,1.381686786844491e-23,1.381686786844491e-23,0.0,1.381686786844491e-23,0.10310751131301059,0.33521134227707655,3.746121064957582e-24,3.746121064957582e-24,0.0,3.746121064957582e-24,0.027955193880600814,0.09088472745583231,11,train
77,twohub_3p6um_common_domain_v2,202.82047920145197,176.798263780201,219.33841795232257,67.00983331979394,0.8529199944545276,0.7555234033370558,0.9676279024466845,0.38907098740359153,4.05640958402904,3.5359652756040205,4.386768359046451,1.3401966663958789,0.08423396497766009,6.052845239639282,49,281,28,13,1.334959563900274e-22,1.334959563900274e-22,1.0,1.0175783903300095e-22,1.0175783903300095e-22,0.7622540920692831,0.7622540920692831,0.7622540920692831,0.0,4.055894017715879e-23,4.055894017715879e-23,0.0,4.055894017715879e-23,0.30382148848509,0.39858295500954155,8.752731515557863e-24,8.752731515557863e-24,0.0,8.752731515557863e-24,0.06556551787969903,0.08601530455770857,4.6862687146086484e-24,4.6862687146086484e-24,0.0,4.6862687146086484e-24,0.03510419971760829,0.04605314695302099,4.7759898625675655e-23,4.7759898625675655e-23,0.0,4.7759898625675655e-23,0.3577628859868858,0.4693485934797289,11,train
78,twohub_3p6um_common_domain_v2,111.27842770709461,152.13436121524174,103.91703438994384,47.36257875394584,0.21721130352149032,0.2987844669489211,0.1660905165968322,0.025232939887885927,2.2255685541418924,3.0426872243048346,2.078340687798877,0.9472515750789168,0.1323270051150464,6.068339586257935,49,281,28,13,1.3160132069679253e-22,1.3160132069679253e-22,1.0,6.714125317008005e-23,6.714125317008005e-23,0.5101867733134114,0.5101867733134114,0.5101867733134114,0.0,4.599685700577651e-23,4.599685700577651e-23,0.0,4.599685700577651e-23,0.3495166823724557,0.6850759381755768,5.941112175211335e-24,5.941112175211335e-24,0.0,5.941112175211335e-24,0.04514477623594347,0.08848676327445812,7.495578827341471e-24,7.495578827341471e-24,0.0,7.495578827341471e-24,0.056956714322124256,0.11163894734514282,7.70770516175074e-24,7.70770516175074e-24,0.0,7.70770516175074e-24,0.05856860038288808,0.11479835120482232,11,train
79,twohub_3p6um_common_domain_v2,125.38631558865416,170.8227924154827,150.15115430666233,58.09421381073351,0.31518274714343164,0.6448665262126425,0.4871607937962662,0.22396692242099087,2.5077263117730832,3.4164558483096537,3.0030230861332465,1.1618842762146702,0.06765472290906588,5.99756383895874,49,281,28,13,1.3220996885345816e-22,1.3220996885345816e-22,1.0,6.132453956214494e-23,6.132453956214494e-23,0.4638420241223807,0.4638420241223807,0.4638420241223807,0.0,1.0601519233362718e-23,1.0601519233362718e-23,0.0,1.0601519233362718e-23,0.08018698835874824,0.17287564340567727,9.194205380934847e-24,9.194205380934847e-24,0.0,9.194205380934847e-24,0.06954245175812518,0.14992701855702711,2.957029464253922e-23,2.957029464253922e-23,0.0,2.957029464253922e-23,0.223661611140042,0.48219350448727516,1.1958520305308162e-23,1.1958520305308162e-23,0.0,1.1958520305308162e-23,0.09045097286546534,0.19500383355002054,11,train
80,twohub_3p6um_common_domain_v2,117.17228266706073,154.3644476753971,102.9989082526791,95.11139779606243,0.2581408518545884,0.3400823643592053,0.15971464064360485,0.9094703295567117,2.343445653341215,3.0872889535079415,2.059978165053582,1.9022279559212487,0.13687491914944044,6.079501152038574,49,281,28,13,1.3248758204387097e-22,1.3248758204387097e-22,1.0,1.0093410505021057e-22,1.0093410505021057e-22,0.7618382303693034,0.7618382303693034,0.7618382303693034,0.0,3.757349331048905e-23,3.757349331048905e-23,0.0,3.757349331048905e-23,0.2836001135415638,0.37225765554465245,3.0343069963120837e-24,3.0343069963120837e-24,0.0,3.0343069963120837e-24,0.02290257660002675,0.03006225690318095,2.1210165840692792e-24,2.1210165840692792e-24,0.0,2.1210165840692792e-24,0.016009172719047293,0.02101387418072574,5.820528815934015e-23,5.820528815934015e-23,0.0,5.820528815934015e-23,0.43932636750866566,0.5766662133714409,11,train
81,twohub_3p6um_common_domain_v2,220.87536377324724,176.49159937790552,214.99380386990507,61.16192959838787,0.978301137314217,0.7498444329241762,0.9374569713187851,0.28077647404421985,4.417507275464945,3.5298319875581106,4.2998760773981015,1.2232385919677575,0.09932496129339324,6.078495979309082,49,281,28,13,1.3348307793945207e-22,1.3348307793945207e-22,1.0,1.1270348419942006e-22,1.1270348419942006e-22,0.8443278799020679,0.8443278799020679,0.8443278799020679,0.0,5.699196697131611e-23,5.699196697131611e-23,0.0,5.699196697131611e-23,0.4269602398377993,0.5056806129478061,3.9746774582977895e-24,3.9746774582977895e-24,0.0,3.9746774582977895e-24,0.029776639253858855,0.03526667774764537,2.3259167836245503e-24,2.3259167836245503e-24,0.0,2.3259167836245503e-24,0.01742480634646128,0.02063748783053611,4.94109229861816e-23,4.94109229861816e-23,0.0,4.94109229861816e-23,0.37016619446394844,0.43841522147401235,11,train
82,twohub_3p6um_common_domain_v2,215.50486322980663,156.77886027760115,150.36119532718308,60.628510629110565,0.941005994651435,0.38479370884446584,0.48861941199432696,0.270898344983529,4.310097264596132,3.135577205552023,3.0072239065436617,1.2125702125822113,0.13595263702267915,6.060033082962036,49,281,28,13,1.3007778700491752e-22,1.3007778700491752e-22,1.0,6.713258904757081e-23,6.713258904757081e-23,0.5160957192870517,0.5160957192870517,0.5160957192870517,0.0,1.533240699824783e-23,1.533240699824783e-23,0.0,1.533240699824783e-23,0.11787106277929066,0.22838992530711333,3.784622946826179e-23,3.784622946826179e-23,0.0,3.784622946826179e-23,0.29095074831516804,0.5637534616971733,6.839707808087763e-24,6.839707808087763e-24,0.0,6.839707808087763e-24,0.05258167413187304,0.10188356959152997,7.114244772973429e-24,7.114244772973429e-24,0.0,7.114244772973429e-24,0.054692234060719984,0.10597304340418341,11,train
83,twohub_3p6um_common_domain_v2,129.0588093233373,144.27514137293704,127.80310625213502,82.68017174794907,0.340686175856509,0.1532433587580934,0.33196601563982653,0.6792624397768348,2.581176186466746,2.8855028274587413,2.5560621250427005,1.6536034349589817,0.0495603601961682,6.020535945892334,49,281,28,13,1.346871985090008e-22,1.346871985090008e-22,1.0,1.1521735184449636e-22,1.1521735184449636e-22,0.8554439703250393,0.8554439703250393,0.8554439703250393,0.0,6.336136480734898e-23,6.336136480734898e-23,0.0,6.336136480734898e-23,0.47043345996326963,0.5499290149704616,5.837251309536977e-24,5.837251309536977e-24,0.0,5.837251309536977e-24,0.043339317872491706,0.05066295324523038,3.855274839383592e-24,3.855274839383592e-24,0.0,3.855274839383592e-24,0.02862391438876022,0.033460887424203965,4.216346088822681e-23,4.216346088822681e-23,0.0,4.216346088822681e-23,0.31304727810051775,0.36594714436010406,11,train
84,twohub_3p6um_common_domain_v2,142.78421651729568,183.32865684418837,104.23812222086569,93.67677664743547,0.4360015035923311,0.8764566082257106,0.1683202932004562,0.8829032712488051,2.8556843303459134,3.6665731368837675,2.0847624444173136,1.8735355329487096,0.12692890295982165,6.064038038253784,49,281,28,13,1.323272915540456e-22,1.323272915540456e-22,1.0,8.386123551019319e-23,8.386123551019319e-23,0.6337410410606211,0.6337410410606211,0.6337410410606211,0.0,7.42811698131486e-24,7.42811698131486e-24,0.0,7.42811698131486e-24,0.05613442921773277,0.08857628839026567,2.1180758418085523e-23,2.1180758418085523e-23,0.0,2.1180758418085523e-23,0.1600634167701891,0.25256911956074196,3.0302690068262223e-24,3.0302690068262223e-24,0.0,3.0302690068262223e-24,0.022899803745991345,0.03613432342596358,5.222209110396658e-23,5.222209110396658e-23,0.0,5.222209110396658e-23,0.39464339132670784,0.6227202686230288,11,train
85,twohub_3p6um_common_domain_v2,125.26202653335481,173.28189415439445,165.55050070042898,61.97559458401615,0.3143196287038529,0.690405447303601,0.5941006993085346,0.29584434414844724,2.5052405306670966,3.465637883087889,3.3110100140085796,1.2395118916803232,0.034051329297571785,6.063107967376709,49,281,28,13,1.3437373691810767e-22,1.3437373691810767e-22,1.0,8.132319045181359e-23,8.132319045181359e-23,0.6052015246206552,0.6052015246206552,0.6052015246206552,0.0,9.33637184429654e-24,9.33637184429654e-24,0.0,9.33637184429654e-24,0.06948062961132405,0.11480577424994926,5.990374002096211e-24,5.990374002096211e-24,0.0,5.990374002096211e-24,0.04457994649465592,0.07366132549417974,2.6207993360705802e-23,2.6207993360705802e-23,0.0,2.6207993360705802e-23,0.19503806295628978,0.3222696160234247,3.978845124471504e-23,3.978845124471504e-23,0.0,3.978845124471504e-23,0.29610288555838554,0.48926328423244636,11,train
86,twohub_3p6um_common_domain_v2,187.4972840919791,176.21265191433287,137.45008527498246,66.32175591389193,0.7465089173054105,0.7446787391543124,0.3989589255207115,0.376328813220221,3.7499456818395824,3.5242530382866577,2.749001705499649,1.3264351182778387,0.02613532380816525,6.009482383728027,49,281,28,13,1.3498430513028463e-22,1.3498430513028463e-22,1.0,9.547258993104322e-23,9.547258993104322e-23,0.7072865977929408,0.7072865977929408,0.7072865977929408,0.0,6.265362449122264e-23,6.265362449122264e-23,0.0,6.265362449122264e-23,0.464154884012259,0.6562472489378924,1.0324151786546291e-23,1.0324151786546291e-23,0.0,1.0324151786546291e-23,0.07648409032873554,0.10813733862256271,9.706097203076996e-24,9.706097203076996e-24,0.0,9.706097203076996e-24,0.07190537591543573,0.10166370484017871,1.2788716450197292e-23,1.2788716450197292e-23,0.0,1.2788716450197292e-23,0.0947422475365105,0.13395170759936617,11,train
87,twohub_3p6um_common_domain_v2,85.76188676765939,166.21828738318862,98.31393950476703,84.59230715431397,0.04001310255319021,0.559597914503493,0.12718013544977108,0.714672354709518,1.7152377353531878,3.3243657476637725,1.966278790095341,1.6918461430862795,0.06420226591665619,6.068483829498291,49,281,28,13,1.3322575227733913e-22,1.3322575227733913e-22,1.0,8.40485290435005e-23,8.40485290435005e-23,0.6308729926968979,0.6308729926968979,0.6308729926968979,0.0,2.0677782522141214e-23,2.0677782522141214e-23,0.0,2.0677782522141214e-23,0.15520860020437938,0.24602194419653836,4.1615658110472685e-24,4.1615658110472685e-24,0.0,4.1615658110472685e-24,0.031236947361228184,0.049513844661021864,7.328059292668376e-24,7.328059292668376e-24,0.0,7.328059292668376e-24,0.05500482577432466,0.08718843001851508,5.1881121417643645e-23,5.1881121417643645e-23,0.0,5.1881121417643645e-23,0.3894226193569657,0.6172757811239247,11,train
88,twohub_3p6um_common_domain_v2,89.71120636525175,178.27884736103724,84.66182031343726,88.77588267719848,0.06743893309202607,0.7829416177969859,0.03237375217664765,0.7921459755036756,1.794224127305035,3.565576947220745,1.6932364062687453,1.7755176535439696,0.18903643845622425,6.061075448989868,49,281,28,13,1.273944108635222e-22,1.273944108635222e-22,1.0,9.199381449014107e-23,9.199381449014107e-23,0.7221181358473737,0.7221181358473737,0.7221181358473737,0.0,1.8413932372920492e-23,1.8413932372920492e-23,0.0,1.8413932372920492e-23,0.14454270205501688,0.2001648966832863,1.3551309288234357e-23,1.3551309288234357e-23,0.0,1.3551309288234357e-23,0.10637287143430409,0.14730674408208874,1.4708178125760225e-23,1.4708178125760225e-23,0.0,1.4708178125760225e-23,0.11545387294515705,0.15988225085868674,4.5320394703225995e-23,4.5320394703225995e-23,0.0,4.5320394703225995e-23,0.3557486894128958,0.49264610837593825,11,train
89,twohub_3p6um_common_domain_v2,138.1814125954505,160.18516340444964,136.34757438787142,79.1448712618284,0.40403758746840623,0.447873396378697,0.39130259991577376,0.6137939122560815,2.7636282519090103,3.203703268088993,2.7269514877574283,1.582897425236568,0.0941686433486559,6.043428659439087,49,281,28,13,1.3366075621360093e-22,1.3366075621360093e-22,1.0,7.914765953962944e-23,7.914765953962944e-23,0.5921533124737447,0.5921533124737447,0.5921533124737447,0.0,2.987564999525003e-23,2.987564999525003e-23,0.0,2.987564999525003e-23,0.2235184869634156,0.3774672576425487,1.0988713771679924e-23,1.0988713771679924e-23,0.0,1.0988713771679924e-23,0.08221346401870608,0.13883813918942034,8.81409566162101e-24,8.81409566162101e-24,0.0,8.81409566162101e-24,0.065943781191357,0.11136268226867492,2.9469200111078475e-23,2.9469200111078475e-23,0.0,2.9469200111078475e-23,0.22047758030026599,0.3723319208993561,11,train
90,twohub_3p6um_common_domain_v2,115.29354336042522,166.55282419581513,163.97625341272519,55.665859960369964,0.24509405111406402,0.5657930406632432,0.5831684264772582,0.17899740667351785,2.3058708672085046,3.331056483916303,3.279525068254504,1.1133171992073991,0.03171420135874168,6.086487770080566,49,281,28,13,1.3363977520121192e-22,1.3363977520121192e-22,1.0,7.163512769155221e-23,7.163512769155221e-23,0.5360314890061457,0.5360314890061457,0.5360314890061457,0.0,1.0611026604347702e-23,1.0611026604347702e-23,0.0,1.0611026604347702e-23,0.07940021291094984,0.1481260234509087,5.239539438418279e-24,5.239539438418279e-24,0.0,5.239539438418279e-24,0.03920643708453921,0.07314204088500799,2.365902048795474e-23,2.365902048795474e-23,0.0,2.365902048795474e-23,0.1770357698696592,0.3302712126071187,3.212554116083148e-23,3.212554116083148e-23,0.0,3.212554116083148e-23,0.2403890691409974,0.4484607230569645,11,train
91,twohub_3p6um_common_domain_v2,201.71239736497665,139.37844424919507,154.7108153503016,55.759707292871305,0.8452249817012267,0.0625637823925013,0.5188251065993167,0.1807353202383575,4.034247947299534,2.7875688849839015,3.094216307006032,1.115194145857426,0.06052889215265094,6.070098876953125,49,281,28,13,1.341033292707483e-22,1.341033292707483e-22,1.0,8.601210525270449e-23,8.601210525270449e-23,0.6413868001669825,0.6413868001669825,0.6413868001669825,0.0,4.28726164239603e-24,4.28726164239603e-24,0.0,4.28726164239603e-24,0.031969837480621016,0.049844863461951196,7.034625217876797e-23,7.034625217876797e-23,0.0,7.034625217876797e-23,0.5245675298391899,0.8178645549029397,8.538163486948095e-24,8.538163486948095e-24,0.0,8.538163486948095e-24,0.06366854226049784,0.09926699807966424,2.8404279445923952e-24,2.8404279445923952e-24,0.0,2.8404279445923952e-24,0.021180890586673693,0.033023583555444755,11,train
92,twohub_3p6um_common_domain_v2,186.82022189244177,165.97371056347512,209.6039956264123,86.9294450793663,0.7418070964752901,0.5550687141384282,0.9000277474056411,0.7579526866549315,3.7364044378488352,3.3194742112695024,4.192079912528246,1.7385889015873262,0.0702272444606796,6.11522650718689,49,281,28,13,1.3389181385500863e-22,1.3389181385500863e-22,1.0,8.698947841918282e-23,8.698947841918282e-23,0.6496997532155602,0.6496997532155602,0.6496997532155602,0.0,3.137889402675677e-23,3.137889402675677e-23,0.0,3.137889402675677e-23,0.23436006372082582,0.36072056755587045,1.252333942832757e-23,1.252333942832757e-23,0.0,1.252333942832757e-23,0.09353327188388894,0.14396384086797717,2.846610047047606e-23,2.846610047047606e-23,0.0,2.846610047047606e-23,0.21260523441188112,0.3272361323205583,1.462114449362242e-23,1.462114449362242e-23,0.0,1.462114449362242e-23,0.10920118319896426,0.16807945925559406,11,train
93,twohub_3p6um_common_domain_v2,158.59433348330577,179.9885943955615,211.27306435511738,84.16880593357857,0.5457939825229567,0.8146035999178056,0.911618502466093,0.7068297395107143,3.1718866696661157,3.59977188791123,4.225461287102348,1.6833761186715714,0.13693587698520648,6.157018184661865,49,281,28,13,1.3222375558873854e-22,1.3222375558873854e-22,1.0,6.936427344811455e-23,6.936427344811455e-23,0.5245976650660367,0.5245976650660367,0.5245976650660367,0.0,5.440891378675369e-24,5.440891378675369e-24,0.0,5.440891378675369e-24,0.04114912146043119,0.07843939117657207,8.730541932154442e-24,8.730541932154442e-24,0.0,8.730541932154442e-24,0.06602854300485488,0.1258651103537473,4.396282412266539e-23,4.396282412266539e-23,0.0,4.396282412266539e-23,0.3324880913185141,0.6337963614013805,1.1230016014619354e-23,1.1230016014619354e-23,0.0,1.1230016014619354e-23,0.0849319092822365,0.1618991370683002,11,train
94,twohub_3p6um_common_domain_v2,175.25247406114408,174.09945828082436,214.8268307971258,94.3990619153584,0.6614755143135006,0.7055455237189697,0.9362974360911515,0.8962789243584889,3.5050494812228816,3.481989165616487,4.296536615942516,1.8879812383071681,0.05716136659838345,6.109562397003174,49,281,28,13,1.346650699514018e-22,1.346650699514018e-22,1.0,9.692013865212739e-23,9.692013865212739e-23,0.7197125333770972,0.7197125333770972,0.7197125333770972,0.0,1.4852308541277772e-23,1.4852308541277772e-23,0.0,1.4852308541277772e-23,0.11029072755568836,0.1532427496269555,9.005903687782588e-24,9.005903687782588e-24,0.0,9.005903687782588e-24,0.06687631537289258,0.09292087086366244,7.03488429230247e-23,7.03488429230247e-23,0.0,7.03488429230247e-23,0.5223985919170601,0.7258433995387247,2.7130835000423304e-24,2.7130835000423304e-24,0.0,2.7130835000423304e-24,0.020146898531456105,0.0279929799706573,11,train
95,twohub_3p6um_common_domain_v2,179.68819136262903,179.37021854777706,195.15574154442788,88.1092044962441,0.6922791066849238,0.8031521953292048,0.7996926496140825,0.7798000832637797,3.5937638272525807,3.587404370955541,3.9031148308885575,1.7621840899248822,0.046284675249308585,6.082423210144043,49,281,28,13,1.3476209415124103e-22,1.3476209415124103e-22,1.0,6.855234534606048e-23,6.855234534606048e-23,0.5086916003926552,0.5086916003926552,0.5086916003926552,0.0,1.3469759865279596e-23,1.3469759865279596e-23,0.0,1.3469759865279596e-23,0.09995214121682267,0.19648868025277078,1.4404325555509966e-23,1.4404325555509966e-23,0.0,1.4404325555509966e-23,0.10688707122155772,0.21012155722455883,2.0549628041244944e-23,2.0549628041244944e-23,0.0,2.0549628041244944e-23,0.15248819165857183,0.2997654994516665,2.0128631884025976e-23,2.0128631884025976e-23,0.0,2.0128631884025976e-23,0.14936419629570302,0.293624263071004,11,train
96,twohub_3p6um_common_domain_v2,192.47189456936127,162.78935246143288,148.77667234344477,68.74569942230644,0.7810548233983421,0.49609911965616454,0.4776157801628109,0.42121665596863783,3.849437891387226,3.2557870492286574,2.975533446868895,1.374913988446129,0.09185302773180193,6.074405908584595,49,281,28,13,1.333616341239517e-22,1.333616341239517e-22,1.0,8.035012578797134e-23,8.035012578797134e-23,0.6024980596240346,0.6024980596240346,0.6024980596240346,0.0,4.3939344783309457e-23,4.3939344783309457e-23,0.0,4.3939344783309457e-23,0.3294751528199666,0.5468484878201312,1.1246539379894597e-23,1.1246539379894597e-23,0.0,1.1246539379894597e-23,0.08433114556351048,0.13996915710589017,9.41237332311947e-24,9.41237332311947e-24,0.0,9.41237332311947e-24,0.07057781936273538,0.11714198616137737,1.5751868301647816e-23,1.5751868301647816e-23,0.0,1.5751868301647816e-23,0.11811394187782216,0.19604036891260124,11,train
97,twohub_3p6um_common_domain_v2,213.56037398465833,183.59209735008787,155.42649700286216,53.19682150493015,0.9275025971156828,0.8813351361127383,0.5237951180754317,0.13327447231352127,4.2712074796931665,3.6718419470017576,3.1085299400572435,1.063936430098603,0.022295393716575067,6.073786973953247,49,281,28,13,1.347328019925962e-22,1.347328019925962e-22,1.0,1.094790710219438e-22,1.094790710219438e-22,0.8125643451544923,0.8125643451544923,0.8125643451544923,0.0,9.324595572484788e-23,9.324595572484788e-23,0.0,9.324595572484788e-23,0.692080579827709,0.8517240314010138,1.4838075484064764e-24,1.4838075484064764e-24,0.0,1.4838075484064764e-24,0.011012964374392023,0.013553344347515194,1.1765533264979473e-23,1.1765533264979473e-23,0.0,1.1765533264979473e-23,0.08732493565765825,0.10746833303528132,2.9837744837099682e-24,2.9837744837099682e-24,0.0,2.9837744837099682e-24,0.022145865294732992,0.027254291216189674,11,train
98,twohub_3p6um_common_domain_v2,101.56186502543355,141.8483262612309,137.21336862937684,94.08549170720832,0.14973517378773296,0.10830233817094276,0.39731505992622806,0.8904720686520059,2.0312373005086712,2.8369665252246183,2.744267372587537,1.8817098341441665,0.013142622605009643,6.0724475383758545,49,281,28,13,1.3493084178942735e-22,1.3493084178942735e-22,1.0,1.1651274506034143e-22,1.1651274506034143e-22,0.8634997270836778,0.8634997270836778,0.8634997270836778,0.0,4.311826705949091e-23,4.311826705949091e-23,0.0,4.311826705949091e-23,0.3195582750960758,0.3700733944356057,4.019386116260406e-24,4.019386116260406e-24,0.0,4.019386116260406e-24,0.029788490629392553,0.03449739437671633,1.0004761455979908e-23,1.0004761455979908e-23,0.0,1.0004761455979908e-23,0.0741473285373355,0.08586838676574383,5.937033042861022e-23,5.937033042861022e-23,0.0,5.937033042861022e-23,0.440005632820874,0.5095608244219342,11,train
99,twohub_3p6um_common_domain_v2,170.16274271533493,183.28782860823674,137.53430610235927,83.55932898128552,0.6261301577453815,0.8757005297821618,0.39954379237749493,0.6955431292830652,3.4032548543066987,3.6657565721647347,2.750686122047185,1.6711865796257104,0.06908029274010832,6.067715167999268,49,281,28,13,1.3426366160414405e-22,1.3426366160414405e-22,1.0,8.140879438139592e-23,8.140879438139592e-23,0.6063352764906512,0.6063352764906512,0.6063352764906512,0.0,1.9623908283143526e-23,1.9623908283143526e-23,0.0,1.9623908283143526e-23,0.1461594898327861,0.2410539110947467,1.7450292960998443e-23,1.7450292960998443e-23,0.0,1.7450292960998443e-23,0.12997033413588832,0.21435390480351224,2.459901780266766e-24,2.459901780266766e-24,0.0,2.459901780266766e-24,0.018321426295667485,0.03021665901035526,4.1874691356987174e-23,4.1874691356987174e-23,0.0,4.1874691356987174e-23,0.31188402622630923,0.5143755250913856,11,train
