rank_parameterization,x1_px,y1_px,x2_px,y2_px,x1_norm,y1_norm,x2_norm,y2_norm,y_center_norm,T_total_pred,target_name,loss_pred,target_mse_loss_pred,total_power_loss_pred,ratio_mse_diagnostic_pred,total_power_weight,initial_train_rank,initial_train_sample,initial_train_loss_fdfd,T_1_pred,target_1,T_2_pred,target_2,T_3_pred,target_3,search_strategy,candidate_count,inverse_candidate_count,batch_size,batch_count,mlp_inference_time_sec,mlp_screening_time_sec,average_inference_time_per_candidate_sec,rank_fdfd,T_total_fdfd,loss_fdfd,target_mse_loss_fdfd,ratio_loss_fdfd,ratio_mse_diagnostic_fdfd,total_loss_fdfd,total_power_loss_fdfd,weighted_total_loss_fdfd,reflection_proxy_fdfd,solve_time_sec,T_1_fdfd,ratio_1_fdfd,T_2_fdfd,ratio_2_fdfd,T_3_fdfd,ratio_3_fdfd,surrogate_verification_rank,fdfd_verification_top_k,is_best_fdfd,used_for_broadband,fdfd_verification_time_sec,train_dataset_fdfd_evaluations,test_dataset_fdfd_evaluations,target_fdfd_verification_evaluations,target_count,workflow_total_fdfd_evaluations,target_label,target_i,surrogate_optimization_time_sec,gradient_history_save_time_sec,candidate_csv_save_time_sec,fdfd_candidate_count,fdfd_solve_time_sum_sec,fdfd_solve_time_mean_sec,one_time_dataset_time_sec,full_pipeline_dataset_time_sec,train_dataset_generation_time_sec,parameterization_actual_run_time_sec,parameterization_full_pipeline_time_sec,one_time_training_time_sec,one_time_training_epochs,iteration_used,max_iterations,stop_reason,postprocessing_time_sec,runtime_sec,target_total_time_sec
8,121.7447738647461,79.20039367675781,119.06019592285156,129.2003936767578,0.31939518451690674,0.3257625699043274,0.2994057536125183,0.3257625699043274,0.3257625699043274,0.8693320751190186,T060_025_015,0.000856455706525594,2.750384737737477e-06,0.017074106261134148,2.750384737737477e-06,0.05,77,50572,0.027857052704743316,0.5235239267349243,0.6000000238418579,0.21695339679718018,0.25,0.12885473668575287,0.15000000596046448,frozen_mlp_surrogate_adjoint,450,450,450,500,17.713510274887085,17.713510274887085,0.039363356166415744,0,0.8756457112212107,0.001030033389894151,0.00025683393301022484,0.00025683393301022484,0.00025683393301022484,0.01546398913767852,0.01546398913767852,0.0007731994568839261,0.05678453708014763,5.973485231399536,0.5380585458376825,0.614470600315377,0.1993480465313575,0.22765833712968078,0.1382391188521707,0.15787106255494232,9,10,True,True,60.594704389572144,100,50,10,6,210,T060_025_015,1,17.713510274887085,9.67902732512448,0.01703240000642836,10,60.04011058807373,6.004011058807373,0.0,892.5035953521729,5368.274793386459,452.2567231655121,1344.760318517685,373.94850850105286,2500,500,500,max_iteration,6.574932500021532,155.2201225757599,155.2201225757599
3,121.7469253540039,79.20032501220703,119.06018829345703,129.2003173828125,0.3194112181663513,0.32576170563697815,0.2994057238101959,0.32576170563697815,0.32576170563697815,0.8693293333053589,T060_025_015,0.0008564553572796285,2.7141904865857214e-06,0.0170748233795166,2.7141904865857214e-06,0.05,47,50375,0.018937357000781654,0.5235096216201782,0.6000000238418579,0.2169550359249115,0.25,0.12886464595794678,0.15000000596046448,frozen_mlp_surrogate_adjoint,450,450,450,500,17.713510274887085,17.713510274887085,0.039363356166415744,1,0.8756457112212075,0.001030033389894169,0.0002568339330102029,0.0002568339330102029,0.0002568339330102029,0.01546398913767932,0.01546398913767932,0.000773199456883966,0.05678453708014653,5.998479127883911,0.5380585458376779,0.6144706003153738,0.19934804653135713,0.22765833712968117,0.13823911885217255,0.15787106255494496,4,10,False,False,60.594704389572144,100,50,10,6,210,,,,,,,,,,,,,,,,,,,,,
1,121.74528503417969,79.20022583007812,119.06024932861328,129.20022583007812,0.31939896941185,0.3257603943347931,0.29940617084503174,0.3257603943347931,0.3257603943347931,0.8693311214447021,T060_025_015,0.0008564552408643067,2.7374273940949934e-06,0.017074355855584145,2.7374273940949934e-06,0.05,110,50105,0.0343929232506354,0.5235170125961304,0.6000000238418579,0.21695932745933533,0.25,0.12885473668575287,0.15000000596046448,frozen_mlp_surrogate_adjoint,450,450,450,500,17.713510274887085,17.713510274887085,0.039363356166415744,2,0.8756457112212074,0.0010300333898941782,0.0002568339330102108,0.0002568339330102108,0.0002568339330102108,0.015463989137679348,0.015463989137679348,0.0007731994568839674,0.05678453708014609,5.989163160324097,0.5380585458376803,0.6144706003153768,0.1993480465313573,0.22765833712968145,0.13823911885216977,0.15787106255494188,2,10,False,False,60.594704389572144,100,50,10,6,210,,,,,,,,,,,,,,,,,,,,,
2,121.7444076538086,79.20028686523438,119.06027221679688,129.20028686523438,0.31939247250556946,0.32576116919517517,0.29940637946128845,0.32576116919517517,0.32576116919517517,0.8693323135375977,T060_025_015,0.0008564553572796285,2.753077978923102e-06,0.017074044793844223,2.753077978923102e-06,0.05,100,50707,0.03278351363294549,0.5235235691070557,0.6000000238418579,0.21695753931999207,0.25,0.12885116040706635,0.15000000596046448,frozen_mlp_surrogate_adjoint,450,450,450,500,17.713510274887085,17.713510274887085,0.039363356166415744,3,0.8756457112212086,0.0010300333898942103,0.00025683393301025796,0.00025683393301025796,0.00025683393301025796,0.015463989137679044,0.015463989137679044,0.0007731994568839522,0.05678453708014779,6.0810933113098145,0.5380585458376808,0.6144706003153764,0.19934804653135546,0.227658337129679,0.13823911885217235,0.15787106255494457,3,10,False,False,60.594704389572144,100,50,10,6,210,,,,,,,,,,,,,,,,,,,,,
0,121.7437744140625,79.20034790039062,119.060302734375,129.20034790039062,0.3193877935409546,0.32576197385787964,0.29940661787986755,0.32576197385787964,0.32576197385787964,0.8693332672119141,T060_025_015,0.0008564548334106803,2.765063982224092e-06,0.017073795199394226,2.765063982224092e-06,0.05,212,50558,0.05391930568868503,0.5235288143157959,0.6000000238418579,0.2169555276632309,0.25,0.1288488805294037,0.15000000596046448,frozen_mlp_surrogate_adjoint,450,450,450,500,17.713510274887085,17.713510274887085,0.039363356166415744,4,0.8756457112212115,0.001030033389894219,0.00025683393301030263,0.00025683393301030263,0.00025683393301030263,0.015463989137678326,0.015463989137678326,0.0007731994568839164,0.05678453708014984,5.98743462562561,0.538058545837685,0.6144706003153791,0.1993480465313547,0.22765833712967737,0.1382391188521718,0.1578710625549434,1,10,False,False,60.594704389572144,100,50,10,6,210,,,,,,,,,,,,,,,,,,,,,
6,121.74464416503906,79.20026397705078,119.06024169921875,129.20025634765625,0.31939423084259033,0.3257609009742737,0.2994060814380646,0.3257609009742737,0.3257609009742737,0.869331955909729,T060_025_015,0.0008564555901102722,2.7486712497193366e-06,0.017074137926101685,2.7486712497193366e-06,0.05,228,50081,0.05577556609790287,0.5235216617584229,0.6000000238418579,0.216958150267601,0.25,0.12885209918022156,0.15000000596046448,frozen_mlp_surrogate_adjoint,450,450,450,500,17.713510274887085,17.713510274887085,0.039363356166415744,5,0.8756457112212078,0.0010300333898942433,0.00025683393301028116,0.00025683393301028116,0.00025683393301028116,0.015463989137679239,0.015463989137679239,0.000773199456883962,0.05678453708014635,5.980793237686157,0.5380585458376823,0.6144706003153787,0.19934804653135468,0.2276583371296783,0.13823911885217088,0.15787106255494301,7,10,False,False,60.594704389572144,100,50,10,6,210,,,,,,,,,,,,,,,,,,,,,
4,121.74451446533203,79.2000961303711,119.0601806640625,129.20010375976562,0.31939324736595154,0.32575875520706177,0.29940566420555115,0.32575875520706177,0.32575875520706177,0.8693317174911499,T060_025_015,0.0008564554154872894,2.745449819485657e-06,0.01707419939339161,2.745449819485657e-06,0.05,31,50166,0.015177566650321368,0.523518443107605,0.6000000238418579,0.21696409583091736,0.25,0.1288491189479828,0.15000000596046448,frozen_mlp_surrogate_adjoint,450,450,450,500,17.713510274887085,17.713510274887085,0.039363356166415744,6,0.8756457112212064,0.0010300333898942498,0.00025683393301026983,0.00025683393301026983,0.00025683393301026983,0.015463989137679596,0.015463989137679596,0.0007731994568839799,0.05678453708014722,6.01937198638916,0.5380585458376804,0.6144706003153775,0.19934804653135466,0.22765833712967865,0.13823911885217138,0.15787106255494385,5,10,False,False,60.594704389572144,100,50,10,6,210,,,,,,,,,,,,,,,,,,,,,
5,121.74479675292969,79.20013427734375,119.06019592285156,129.20013427734375,0.31939539313316345,0.32575932145118713,0.2994058132171631,0.32575932145118713,0.32575932145118713,0.8693314790725708,T060_025_015,0.0008564555319026113,2.7423859592090594e-06,0.017074262723326683,2.7423859592090594e-06,0.05,238,50260,0.05749857758906069,0.5235178470611572,0.6000000238418579,0.21696248650550842,0.25,0.12885119020938873,0.15000000596046448,frozen_mlp_surrogate_adjoint,450,450,450,500,17.713510274887085,17.713510274887085,0.039363356166415744,7,0.8756457112212069,0.0010300333898942532,0.0002568339330102802,0.0002568339330102802,0.0002568339330102802,0.015463989137679459,0.015463989137679459,0.000773199456883973,0.05678453708015005,6.0072362422943115,0.5380585458376805,0.6144706003153774,0.19934804653135427,0.22765833712967812,0.1382391188521721,0.15787106255494462,6,10,False,False,60.594704389572144,100,50,10,6,210,,,,,,,,,,,,,,,,,,,,,
7,121.74407958984375,79.20023345947266,119.06016540527344,129.20022583007812,0.3193899989128113,0.32576051354408264,0.2994055449962616,0.32576051354408264,0.32576051354408264,0.8693325519561768,T060_025_015,0.0008564556483179331,2.7565486107050674e-06,0.01707398146390915,2.7565486107050674e-06,0.05,60,50153,0.023740294369175456,0.523524284362793,0.6000000238418579,0.21695929765701294,0.25,0.12884895503520966,0.15000000596046448,frozen_mlp_surrogate_adjoint,450,450,450,500,17.713510274887085,17.713510274887085,0.039363356166415744,8,0.8756457112212075,0.0010300333898942899,0.0002568339330103238,0.0002568339330103238,0.0002568339330103238,0.01546398913767932,0.01546398913767932,0.000773199456883966,0.0567845370801463,5.986816167831421,0.5380585458376842,0.6144706003153811,0.19934804653135324,0.22765833712967679,0.13823911885217008,0.15787106255494215,8,10,False,False,60.594704389572144,100,50,10,6,210,,,,,,,,,,,,,,,,,,,,,
9,121.74527740478516,79.20035552978516,119.0601806640625,129.20034790039062,0.3193989396095276,0.3257620334625244,0.29940569400787354,0.3257620334625244,0.3257620334625244,0.8693313598632812,T060_025_015,0.0008564558229409158,2.7411088012740947e-06,0.01707429438829422,2.7411088012740947e-06,0.05,140,50708,0.039069242252819915,0.5235199928283691,0.6000000238418579,0.21695464849472046,0.25,0.12885670363903046,0.15000000596046448,frozen_mlp_surrogate_adjoint,450,450,450,500,17.713510274887085,17.713510274887085,0.039363356166415744,9,0.8756457112212063,0.0010300333898942923,0.00025683393301031103,0.00025683393301031103,0.00025683393301031103,0.015463989137679624,0.015463989137679624,0.0007731994568839812,0.05678453708015087,6.016237497329712,0.538058545837683,0.6144706003153806,0.19934804653135338,0.22765833712967726,0.13823911885216988,0.15787106255494215,10,10,False,False,60.594704389572144,100,50,10,6,210,,,,,,,,,,,,,,,,,,,,,
