structure,method,wavelength_nm,mean_abs_ratio_error,mean_mse_ratio,mean_optimization_loss,mean_ratio_error_db,mean_T_total,std_T_total,mean_insertion_loss_db,n_targets
1x2,Proposed design,1500.0,0.008504191717951703,0.00011192365045751679,0.00018565374003915076,-39.51078133508172,0.9645828199963239,0.014839984913061039,0.15711688635028595,6
1x2,Proposed design,1502.0,0.008425712951845056,0.0001103660438201895,0.0001846530038947659,-39.57164524884701,0.9644509378445792,0.014899777896383526,0.1577149689397271,6
1x2,Proposed design,1504.0,0.0083469526649844,0.00010883382625763384,0.00018367678885563315,-39.63236102120953,0.9643184431710828,0.014956127648049189,0.1583156709788617,6
1x2,Proposed design,1506.0,0.008267908718726354,0.00010732683509822791,0.0001827250607239122,-39.69291677120867,0.9641853031305722,0.015009063950316372,0.15891914085670936,6
1x2,Proposed design,1508.0,0.00818857802883292,0.00010584487863577202,0.0001817977489482277,-39.75330150719981,0.9640514948937694,0.015058631640239517,0.1595254831648333,6
1x2,Proposed design,1510.0,0.00810895652928943,0.00010438773965073384,0.00018089474571284176,-39.813505062639074,0.9639170065364757,0.01510489006757163,0.16013475463430332,6
1x2,Proposed design,1512.0,0.008029039131724815,0.00010295517859532983,0.0001800159048679895,-39.873518036956625,0.9637818377930958,0.015147912457086804,0.16074696066910613,6
1x2,Proposed design,1514.0,0.007948819681370373,0.00010154693645339453,0.00017916104075624888,-39.933331741937394,0.9636460006696442,0.015187785182361984,0.16136205249949256,6
1x2,Proposed design,1516.0,0.007868290910543273,0.0001001627372961542,0.00017832992699916194,-39.99293815359974,0.9635095199122822,0.01522460695807995,0.16197992497442587,6
1x2,Proposed design,1518.0,0.007787444390680111,9.880229056472669e-05,0.00017752229531458341,-40.052329869094365,0.9633724333295763,0.015258487959191774,0.16260041500279823,6
1x2,Proposed design,1520.0,0.007706270483934417,9.7465293116986e-05,0.0001767378344406261,-40.111500067749844,0.9632347919675833,0.015289548875160434,0.16322330064908044,6
1x2,Proposed design,1522.0,0.007624758295443933,9.615143108466399e-05,0.0001759761892455761,-40.170442474884496,0.9630966601389245,0.015317919908270628,0.16384830087990523,6
1x2,Proposed design,1524.0,0.007542895627275388,9.486038159093333e-05,0.00017523696010645877,-40.229151326621846,0.9629581153076825,0.015343739725098459,0.16447507595512056,6
1x2,Proposed design,1526.0,0.007460668935173542,9.359181438148642e-05,0.00017451970263433086,-40.287621333602615,0.9628192478342648,0.01536715437050922,0.16510322844649783,6
1x2,Proposed design,1528.0,0.007378063289152318,9.234539342597655e-05,0.00017382392782727406,-40.34584764106548,0.962680160584673,0.015388316153502515,0.16573230486593496,6
1x2,Proposed design,1530.0,0.007295062338907865,9.11207785439502e-05,0.0001731491027223652,-40.403825782628346,0.962540968410583,0.015407382514605201,0.1663617978761572,6
1x2,Proposed design,1532.0,0.007211648285178303,8.991762711140936e-05,0.00017249465161583836,-40.4615516247362,0.9624017975072436,0.01542451488385529,0.16699114905411358,6
1x2,Proposed design,1534.0,0.007127801857873078,8.873559589727026e-05,0.00017185995790789773,-40.51902129878842,0.9622627846575854,0.015439877538788217,0.16761975217097644,6
1x2,Proposed design,1536.0,0.007043502301989238,8.75743430784985e-05,0.00017124436662295395,-40.57623111771654,0.9621240763716173,0.015453636471265752,0.16824695694946026,6
1x2,Proposed design,1538.0,0.006958727372105902,8.643353047414531e-05,0.00017064718764231264,-40.63317747394169,0.961985827930978,0.015465958271964007,0.16887207325549847,6
1x2,Proposed design,1540.0,0.006873453336222389,8.531282603309763e-05,0.0001700676996734059,-40.68985671568033,0.9618482023494611,0.015477009040460907,0.16949437567682235,6
1x2,Proposed design,1542.0,0.006787654989643205,8.421190660276855e-05,0.00016950515496781462,-40.74626499874398,0.9617113692607591,0.015486953329011385,0.17011310843899755,6
1x2,Proposed design,1544.0,0.006701305679504568,8.313046099818202e-05,0.00016895878478741743,-40.80239811120727,0.9615755037447998,0.01549595312714969,0.1707274906085993,6
1x2,Proposed design,1546.0,0.006614377340397842,8.206819338081681e-05,0.0001684278055994567,-40.858251268713566,0.9614407851052826,0.015504166893961556,0.17133672152755033,6
1x2,Proposed design,1548.0,0.006526840541474979,8.102482694910684e-05,0.00016791142597236564,-40.913818878505595,0.9613073956101648,0.01551174864407231,0.17193998642622363,6
1x2,Proposed design,1550.0,0.006438664545339393,8.000010793408992e-05,0.00016740885412791073,-40.96909427068706,0.9611755192078603,0.015518847093040772,0.1725364621582077,6
1x2,Proposed design,1552.0,0.006395461723086811,7.899380988257911e-05,0.00016691930609155972,-41.02406939585093,0.9610453402312644,0.015525604866853799,0.173125323002309,6
1x2,Proposed design,1554.0,0.006362886016348095,7.800573820443834e-05,0.00016644201437218098,-41.078734488625784,0.9609170421020226,0.015532157779902496,0.17370574647581385,6
1x2,Proposed design,1556.0,0.006329924195267162,7.703573495203133e-05,0.00016597623709122328,-41.13307769731814,0.9607908060468956,0.015538634184884898,0.1742769191053728,6
1x2,Proposed design,1558.0,0.006296517172071717,7.608368379151904e-05,0.0001655212674694308,-41.18708468052792,0.9606668098380199,0.015545154397423903,0.17483804210194173,6
1x2,Proposed design,1560.0,0.006262606803934184,7.514951512114751e-05,0.0001650764435744389,-41.24073817217983,0.9605452265680139,0.01555183019764762,0.17538833688988073,6
1x2,Proposed design,1562.0,0.006228136114185704,7.423321128456385e-05,0.00016464115822192364,-41.29401751719985,0.9604262234708484,0.015558764410066827,0.17592705044026188,6
1x2,Proposed design,1564.0,0.006193049506846557,7.333481182453923e-05,0.00016421486892253436,-41.34689818068826,0.9603099607981885,0.015566050562636932,0.17645346036383724,6
1x2,Proposed design,1566.0,0.006157292973719048,7.245441871676358e-05,0.00016379710775884962,-41.39935123432429,0.9601965907607554,0.015573772624991437,0.17696687971965833,6
1x2,Proposed design,1568.0,0.006151416622549293,7.15922015231128e-05,0.0001633874910803946,-41.451342824398424,0.960086256542819,0.015582004825438249,0.1774666615017836,6
1x2,Proposed design,1570.0,0.006174107515496859,7.074840240057348e-05,0.00016298572889996525,-41.50283362679276,0.9599790913978282,0.015590811545408876,0.1779522027668855,6
1x2,Proposed design,1572.0,0.0061966436742460634,6.992334090325353e-05,0.00016259163388169146,-41.55377829498589,0.959875217831552,0.01560024728981416,0.17842294837291625,6
1x2,Proposed design,1574.0,0.0062189903473560335,6.911741851490986e-05,0.00016220512981194,-41.60412490807897,0.9597747468786602,0.015610356730861098,0.1788783943009609,6
1x2,Proposed design,1576.0,0.006241115130827121,6.833112285091823e-05,0.00016182625945054067,-41.65381442676242,0.9596777774774714,0.015621174822533087,0.1793180905378443,6
1x2,Proposed design,1578.0,0.0062629880856999555,6.75650314717171e-05,0.00016145519166754448,-41.70278016604901,0.9595843959465208,0.01563272698248587,0.17974164350192093,6
1x2,Proposed design,1580.0,0.006284581840680849,6.68198152541451e-05,0.0001610922277783352,-41.750947294494026,0.959494675565923,0.01564502933758768,0.1801487179975683,6
1x2,Proposed design,1582.0,0.0063058716795671875,6.609624126820516e-05,0.00016073780699826727,-41.798232370785314,0.9594086762649466,0.01565808902891186,0.1805390386910172,6
1x2,Proposed design,1584.0,0.0063268356137498065,6.539517511755858e-05,0.00016039251095186193,-41.844542929160795,0.9593264444168033,0.015671904571770194,0.18091239110205212,6
1x2,Proposed design,1586.0,0.006347454439667731,6.471758270110835e-05,0.0001600570671778883,-41.88977712643863,0.9592480127401936,0.015686466265930343,0.18126862211283903,6
1x2,Proposed design,1588.0,0.0063677117815476485,6.406453136466236e-05,0.00015973235158732113,-41.93382346392318,0.9591734003065615,0.015701756650926012,0.18160763999783058,6
1x2,Proposed design,1590.0,0.006387594119598042,6.343719041521625e-05,0.00015941938984177488,-41.97656059835916,0.9591026126507693,0.015717751001277303,0.18192941398444637,6
1x2,Proposed design,1592.0,0.006407090803965787,6.283683097850478e-05,0.00015911935763225993,-42.017857256570906,0.9590356419822706,0.0157344178561013,0.18223397335715116,6
1x2,Proposed design,1594.0,0.006426194054811697,6.2264825187331e-05,0.00015883357985064744,-42.057572268749475,0.958972467492975,0.015751719577599983,0.1825214061216598,6
1x2,Proposed design,1596.0,0.006444898948923469,6.172264469586858e-05,0.0001585635286589697,-42.0955547353218,0.958913055757197,0.015769612932815334,0.18279185724970107,6
1x2,Proposed design,1598.0,0.006463203393292376,6.121185852160673e-05,0.00015831082047261841,-42.13164434200782,0.9588573612184642,0.015788049693116164,0.18304552652766773,6
1x2,Proposed design,1600.0,0.006481108086170954,6.073413022498976e-05,0.0001580772118864421,-42.16567183673596,0.9588053267571454,0.01580697724561791,0.18328266603622956,6
1x2,Adjoint before thresholding,1500.0,0.035870467639581884,0.0020006670478592155,0.0023813348667440213,-26.988251808835088,0.9174239141106306,0.0281876997445272,0.3763852387191049,6
1x2,Adjoint before thresholding,1502.0,0.033931289757415724,0.001787715653169912,0.002154068989607209,-27.47701557173023,0.9197957159338245,0.029905510297906137,0.3654217758038801,6
1x2,Adjoint before thresholding,1504.0,0.031767626784936005,0.0015738012442826387,0.0019267002671247947,-28.03050115662888,0.9221217537526488,0.031511255422151156,0.3546969603947207,6
1x2,Adjoint before thresholding,1506.0,0.029392748872758178,0.0013639757763945519,0.0017042524784099762,-28.651933424886266,0.9244083956327597,0.03303700031018424,0.3441823336178828,6
1x2,Adjoint before thresholding,1508.0,0.026829777528041998,0.001163435939045233,0.0014918050702142388,-29.342575247838635,0.9266721155510315,0.03450223160346053,0.3338011757704588,6
1x2,Adjoint before thresholding,1510.0,0.024112437592743202,0.000977350740827993,0.001294289303938217,-30.099495535068318,0.9289389998542749,0.03590411564840071,0.3234288817742705,6
1x2,Adjoint before thresholding,1512.0,0.02128409005186604,0.0008104681661386398,0.001116074219175159,-30.912640388559844,0.9312445962952594,0.03721310954661698,0.31289251530760714,6
1x2,Adjoint before thresholding,1514.0,0.019071042155476448,0.0006666065382290939,0.0009604497580668253,-31.761304309951832,0.933634173799756,0.0383724055737144,0.30196932240102026,6
1x2,Adjoint before thresholding,1516.0,0.017651309949286136,0.0005481428543321272,0.0008291233863315402,-32.611062430428866,0.9361629691870692,0.0392994164966503,0.29038621896806,6
1x2,Adjoint before thresholding,1518.0,0.017241453585930214,0.0004556006926196235,0.0007218410952354104,-33.414156243632355,0.9388958017555901,0.03988840695269221,0.27782333907201157,6
1x2,Adjoint before thresholding,1520.0,0.016870912645057478,0.0003874243916448224,0.0006362339781475787,-34.11813040242413,0.9419052398086777,0.040014879337165084,0.2639259127327504,6
1x2,Adjoint before thresholding,1522.0,0.016498513054727357,0.0003400133782557062,0.0005679845295703062,-34.68503994756785,0.945267039036818,0.03954397565362882,0.24833101827588014,6
1x2,Adjoint before thresholding,1524.0,0.01607919930631507,0.00030808767888019264,0.0005114004281695075,-35.11325669749729,0.9490509911884478,0.03834649249809792,0.23071797585770834,6
1x2,Adjoint before thresholding,1526.0,0.015565738778415971,0.00028543898219248343,0.00046043634401806864,-35.44486715892032,0.9533054697849943,0.036325859721576155,0.210888751661347,6
1x2,Adjoint before thresholding,1528.0,0.014913408742414007,0.0002660235088902068,0.0004100340902270748,-35.7507998242851,0.9580361964280475,0.033455206119704886,0.18887129060153673,6
1x2,Adjoint before thresholding,1530.0,0.014087761440062775,0.00024513543957074493,0.0003573474281660896,-36.105938976528684,0.9631846943825547,0.029813973975319107,0.16501332842375396,6
1x2,Adjoint before thresholding,1532.0,0.013072629112426189,0.000220195530874694,0.0003022150669235444,-36.57191499788226,0.9686172211339256,0.02560296685191176,0.14001240742763485,6
1x2,Adjoint before thresholding,1534.0,0.011873841499503756,0.00019078423802418675,0.0002465324521686769,-37.19457508153316,0.974134881924391,0.021117763845270154,0.11483883277289016,6
1x2,Adjoint before thresholding,1536.0,0.01051633467540398,0.0001580153599494731,0.00019293051944129394,-38.01300695216008,0.9795059780596755,0.016682273662361368,0.09056361771676598,6
1x2,Adjoint before thresholding,1538.0,0.009036947155315812,0.00012376553881994392,0.00014367095921881366,-39.07400263100613,0.9845078056414366,0.012573795048985488,0.06816474123785636,6
1x2,Adjoint before thresholding,1540.0,0.00749694508444692,9.019049607136673e-05,0.00010031539637271592,-40.44839224334161,0.9889597125772428,0.008978310512000083,0.04839388779503334,6
1x2,Adjoint before thresholding,1542.0,0.005972552632523093,5.9524768059270685e-05,6.395564209980782e-05,-42.2530228816626,0.9927373733248918,0.005989301677887801,0.03173563029314242,6
1x2,Adjoint before thresholding,1544.0,0.004424076269561813,3.3899893980240016e-05,3.5453371056064354e-05,-44.69801660023134,0.9957709378077831,0.00363105693853011,0.018434473283127622,6
1x2,Adjoint before thresholding,1546.0,0.0028905977630715868,1.5020198368479856e-05,1.539004523552338e-05,-48.23324331661591,0.9980358244492185,0.0018812101813944046,0.00854641433404782,6
1x2,Adjoint before thresholding,1548.0,0.0014120208039493873,3.779025538317725e-06,3.816745129557261e-06,-54.22620173149673,0.9995429767344058,0.0007385943132034906,0.0019864658833753635,6
1x2,Adjoint before thresholding,1550.0,8.670419492633659e-05,1.9183301459915717e-08,5.54555397566705e-08,-77.17076648341734,1.0003308687717505,0.0007848379589541874,-0.0014353716669357702,6
1x2,Adjoint before thresholding,1552.0,0.0012308757614085148,2.5758120858731115e-06,2.721674579097451e-06,-55.89085823394978,1.0004588297268955,0.001645212796632633,-0.0019863452910888805,6
1x2,Adjoint before thresholding,1554.0,0.002334243720645044,9.585440817938625e-06,9.970021280727451e-06,-50.183879098703116,1.0000009002234738,0.0027733749197276867,1.2814456456567447e-05,6
1x2,Adjoint before thresholding,1556.0,0.003265398859903632,1.892701817250485e-05,1.9847330145228106e-05,-47.2291780089254,0.9990400235257888,0.004181469194365321,0.004209281435754465,6
1x2,Adjoint before thresholding,1558.0,0.00405639161886391,2.8637919289965525e-05,3.061753397769416e-05,-45.43058539217289,0.9976627580074914,0.005842053887378038,0.010237180201581026,6
1x2,Adjoint before thresholding,1560.0,0.00472575769579702,3.720059609758261e-05,4.0971629014013915e-05,-44.294501009832466,0.995954655853254,0.007684780352294691,0.017734349563212435,6
1x2,Adjoint before thresholding,1562.0,0.005240349723775389,4.3670104673508e-05,5.010266503139087e-05,-43.59815767110662,0.9939962941300525,0.009623238695201014,0.0263572650915669,6
1x2,Adjoint before thresholding,1564.0,0.005599735689449198,4.766796498994914e-05,5.767350165340402e-05,-43.21773388297431,0.991859936581866,0.011569360432532755,0.035794315215944845,6
1x2,Adjoint before thresholding,1566.0,0.005803858095873364,4.929171383974155e-05,6.372419114227946e-05,-43.07226081455687,0.9896069432230902,0.013440011788785275,0.04577684291086922,6
1x2,Adjoint before thresholding,1568.0,0.00585151557478691,4.899134433050699e-05,6.856521325543895e-05,-43.09880643268497,0.9872861734398745,0.015160342763199011,0.056086708982461576,6
1x2,Adjoint before thresholding,1570.0,0.005739828775129123,4.7457753317615315e-05,7.269562406363136e-05,-43.23692825428785,0.984933666411354,0.01666622354092134,0.06655891519090164,6
1x2,Adjoint before thresholding,1572.0,0.005465001271578648,4.556050300617433e-05,7.677685208469618e-05,-43.414114897817,0.9825738890233952,0.017906915920992306,0.07707776070505347,6
1x2,Adjoint before thresholding,1574.0,0.005051896514933695,4.435442952470909e-05,8.167445520928824e-05,-43.530630021664635,0.9802228409337479,0.01884846128891558,0.0875649598008806,6
1x2,Adjoint before thresholding,1576.0,0.0053231656139257075,4.512679068589628e-05,8.853124276159888e-05,-43.45565551411524,0.9778930660435793,0.01947748732666779,0.09795912659334073,6
1x2,Adjoint before thresholding,1578.0,0.005706215436192578,4.937293342770533e-05,9.87513806427355e-05,-43.06511068980204,0.9755996916860026,0.019803885943987548,0.10819004362347771,6
1x2,Adjoint before thresholding,1580.0,0.006169775681197012,5.853779103001789e-05,0.00011372945430742287,-42.325636700398164,0.9733649618711601,0.01985970819079007,0.11815853040083031,6
1x2,Adjoint before thresholding,1582.0,0.006701515307694891,7.349514377916764e-05,0.0001343061499758288,-41.33741356148272,0.9712177038711342,0.01969262688123382,0.12773776897786515,6
1x2,Adjoint before thresholding,1584.0,0.00769347334845347,9.407029482087304e-05,0.00016027847837343616,-40.26547494872932,0.9691861316032943,0.019356373252284783,0.13680399684507596,6
1x2,Adjoint before thresholding,1586.0,0.00865236040038822,0.00011906233412447565,0.00019043596769788827,-39.24225607695206,0.967287344957942,0.018903832192641842,0.14528268580983997,6
1x2,Adjoint before thresholding,1588.0,0.009541486729825834,0.00014682991689724036,0.0002231748929832717,-38.33185447010901,0.9655201719909664,0.018385890845647866,0.15318085491316086,6
1x2,Adjoint before thresholding,1590.0,0.010341973428146738,0.00017597355508741904,0.00025719585113453703,-37.54552592086567,0.9638654605028143,0.017853318354543728,0.1605864625673806,6
1x2,Adjoint before thresholding,1592.0,0.011048934359076697,0.00020565259256431225,0.00029180972754083305,-36.868658111765534,0.9622922900644988,0.01735716886334035,0.16764091742501877,6
1x2,Adjoint before thresholding,1594.0,0.011881240593761467,0.0002355014067209187,0.00032682648838389903,-36.280064943554336,0.9607656594844832,0.01694603663315053,0.17450444272209756,6
1x2,Adjoint before thresholding,1596.0,0.012623156406569884,0.00026538428792297015,0.00036228281285291135,-35.761247931156944,0.9592523391402231,0.01666129145820974,0.18132941576810505,6
1x2,Adjoint before thresholding,1598.0,0.013271150251185507,0.000295192072050542,0.000398220799748049,-35.29895310503932,0.9577240053502583,0.016532236095735967,0.18824593440524415,6
1x2,Adjoint before thresholding,1600.0,0.0138286841201406,0.00032474401639536984,0.0004345820243305018,-34.88458842319333,0.9561582645233283,0.016572941473866225,0.19535701011306314,6
1x2,Adjoint after thresholding,1500.0,0.04018119878623217,0.002545970790348522,0.004375647547993147,-25.941465832680763,0.8111724552037156,0.03062178112226093,0.9119581285412101,6
1x2,Adjoint after thresholding,1502.0,0.03976376791139321,0.0024872277490116095,0.004245004713116931,-26.042844456868835,0.8149095392607735,0.029950970359026424,0.891823657779998,6
1x2,Adjoint after thresholding,1504.0,0.03909855419862857,0.002405604186653102,0.0040975253459042,-26.187758290716733,0.8185693421359163,0.03035357593476804,0.8724061242372209,6
1x2,Adjoint after thresholding,1506.0,0.038211195316760364,0.0023076216103530118,0.003939928529319892,-26.36835402625527,0.8221110117198088,0.031648795047958235,0.8538826737407522,6
1x2,Adjoint after thresholding,1508.0,0.03712704532666763,0.002200265096356976,0.003779448046580054,-26.575249905645734,0.8254877333900866,0.033602497037155656,0.8364595796223351,6
1x2,Adjoint after thresholding,1510.0,0.035868329216606196,0.002090393444619296,0.0036230409419983796,-26.797719652067403,0.8286557877790847,0.03597375273690017,0.8203214437696138,6
1x2,Adjoint after thresholding,1512.0,0.03445268640933223,0.0019840420160647117,0.003476548856977049,-27.02449135028694,0.8315833165723236,0.03854812007697087,0.8055858616328436,6
1x2,Adjoint after thresholding,1514.0,0.032892413065907754,0.0018858767898126602,0.003344102893465222,-27.244866844790767,0.834256331610452,0.04115286699401134,0.7922754468803243,6
1x2,Adjoint after thresholding,1516.0,0.032890461479619805,0.001798966977194683,0.0032279209258865653,-27.449768087243523,0.8366813192712105,0.043658761993961674,0.7803085105715226,6
1x2,Adjoint after thresholding,1518.0,0.03377781249510463,0.0017248809142171896,0.0031284551240050485,-27.632408832478795,0.8388854567733642,0.045973776836689115,0.7695011935866378,6
1x2,Adjoint after thresholding,1520.0,0.034605762016283376,0.0016640018820077212,0.003044739682289029,-27.78846186852323,0.8409162308543511,0.04803238907279161,0.7595707781964981,6
1x2,Adjoint after thresholding,1522.0,0.03533205637843872,0.0016159462029894404,0.002974793720437635,-27.915731015649783,0.8428420936642529,0.04978295717540731,0.7501317697574929,6
1x2,Adjoint after thresholding,1524.0,0.035919613096541604,0.00158000775764189,0.0029160025203832027,-28.013407807083656,0.8447549953764403,0.051175030964887167,0.740681263645793,6
1x2,Adjoint after thresholding,1526.0,0.03633699002523286,0.0015555814630757716,0.0028654577499437413,-28.08107240718632,0.8467744242072489,0.05214833324603286,0.7305769362576636,6
1x2,Adjoint after thresholding,1528.0,0.036558926728419795,0.001542479116100512,0.00282023206499051,-28.1178070724526,0.8490510225995961,0.052625708542235666,0.7190196081805681,6
1x2,Adjoint after thresholding,1530.0,0.036567084653061556,0.0015409573419210784,0.0027775093525316823,-28.122093836207828,0.8517659701387755,0.05251392770792978,0.7050625731590167,6
1x2,Adjoint after thresholding,1532.0,0.03635051261620675,0.001551250327059611,0.002734496135171022,-28.09318113928238,0.8551204829929225,0.051718871933020515,0.6876793374735696,6
1x2,Adjoint after thresholding,1534.0,0.03590528148798363,0.0015726165709770742,0.002688231629207787,-28.033771523973492,0.8593092285782707,0.05018374240103065,0.6659217854674432,6
1x2,Adjoint after thresholding,1536.0,0.03658511592507013,0.0016023780130680297,0.002635716490629953,-27.952350228187864,0.8644748503481404,0.04795522247972069,0.6391757717109897,6
1x2,Adjoint after thresholding,1538.0,0.03716758652887769,0.0016357733971925786,0.0025747711731174345,-27.86276859078533,0.870651009387387,0.045263607302062435,0.6074569448017727,6
1x2,Adjoint after thresholding,1540.0,0.0375119862721757,0.001667151181086883,0.0025054050622010386,-27.780250155680697,0.8777163127883542,0.04256497931642249,0.5716091175422426,6
1x2,Adjoint after thresholding,1542.0,0.03762504086784386,0.0016921434496123162,0.002430785988625396,-27.71562822896106,0.8853887278760707,0.04046117994320293,0.5332531298046111,6
1x2,Adjoint after thresholding,1544.0,0.03751666302178793,0.0017097286197962289,0.00235708514979997,-27.670728184255076,0.8932746740562297,0.03945675356983664,0.49445422963749136,6
1x2,Adjoint after thresholding,1546.0,0.03720117984518663,0.0017230530386281055,0.0022922859379022505,-27.63701353991907,0.9009546081754545,0.03968209097067811,0.4572547740451265,6
1x2,Adjoint after thresholding,1548.0,0.03669868123124687,0.0017384520582330021,0.002244408253541367,-27.598372814730716,0.9080666272725563,0.040833550973730134,0.4232843715856243,6
1x2,Adjoint after thresholding,1550.0,0.036346542670565585,0.0017630272577883424,0.002219540359410021,-27.537409731144308,0.9143586726100864,0.0423771763491531,0.3935666209871201,6
1x2,Adjoint after thresholding,1552.0,0.036798968564243625,0.0018019971104926427,0.0022202739975099553,-27.44245909748802,0.9197030502291722,0.043794264440077106,0.36851393249027997,6
1x2,Adjoint after thresholding,1554.0,0.037045123901256465,0.0018571854357579607,0.0022453035256168315,-27.311447307751678,0.9240822287207114,0.04470854282084168,0.3480429812038301,6
1x2,Adjoint after thresholding,1556.0,0.037124507332984766,0.0019272055240755655,0.0022904347155572875,-27.150719681611776,0.9275583963335013,0.04490877294984079,0.33174452437003926,6
1x2,Adjoint after thresholding,1558.0,0.037082855970475795,0.00200879011068921,0.0023503704900260237,-26.970654383296214,0.9302380373578426,0.04432692359109197,0.31905704890463166,6
1x2,Adjoint after thresholding,1560.0,0.03697074062793203,0.002098215870429508,0.0024202571562344085,-26.781498323896137,0.9322407268442531,0.04300589049773179,0.3094068547856626,6
1x2,Adjoint after thresholding,1562.0,0.036839708260421634,0.0021921263545895526,0.002496382510585244,-26.59134416647764,0.933678100494327,0.04106736862611507,0.30229273292590114,6
1x2,Adjoint after thresholding,1564.0,0.03673670691325267,0.002287742623295644,0.0025761243331334943,-26.405928363343662,0.9346444342783249,0.03868183328071236,0.29731385288047374,6
1x2,Adjoint after thresholding,1566.0,0.037194362651142183,0.002382824249345004,0.0026576212134546665,-26.229079888555763,0.9352161433805141,0.03604152055198504,0.29415764414355167,6
1x2,Adjoint after thresholding,1568.0,0.03784083527735863,0.0024756619034987555,0.002739530808213172,-26.063086663848637,0.9354556097014936,0.033337663014710715,0.2925716953757533,6
1x2,Adjoint after thresholding,1570.0,0.038371583020190864,0.0025651421157183506,0.002820955745057126,-25.908885688123945,0.9354153527212978,0.030742412440488906,0.2923389179515569,6
1x2,Adjoint after thresholding,1572.0,0.03882000611054196,0.0026507987392562025,0.0029014487209427175,-25.76623244635265,0.9351404706377292,0.028394384737743805,0.29326476963036363,6
1x2,Adjoint after thresholding,1574.0,0.03921136674820588,0.0027327797987361014,0.00298099849581014,-25.633953613723335,0.9346690863377787,0.026386467394105,0.2951763010035329,6
1x2,Adjoint after thresholding,1576.0,0.03956349080116759,0.0028117110333209516,0.003059947048712781,-25.51029314904969,0.9340315595733794,0.02475651783906602,0.2979281775913422,6
1x2,Adjoint after thresholding,1578.0,0.039887258082239384,0.0028884611400777395,0.0031388187550241368,-25.393334708656287,0.9332495414586797,0.023484645695675894,0.3014098501460737,6
1x2,Adjoint after thresholding,1580.0,0.040186557016181436,0.002963810512413902,0.003218048084627766,-25.281495658896187,0.9323358967856228,0.022501568400255537,0.3055487161918117,6
1x2,Adjoint after thresholding,1582.0,0.040457767925812384,0.003038031071830349,0.0032976044997232406,-25.174077886511604,0.9312963340526856,0.021708865545156417,0.31030522425485435,6
1x2,Adjoint after thresholding,1584.0,0.040689241878378586,0.0031104377893608113,0.0033765695985877946,-25.071784803870564,0.930133209296983,0.02100637382797151,0.31565764180469513,6
1x2,Adjoint after thresholding,1586.0,0.040861711242233985,0.003179086804062167,0.0034528380108712633,-24.976976136358637,0.9288511180156288,0.020318974594106576,0.32157799462754594,6
1x2,Adjoint after thresholding,1588.0,0.041376924714128654,0.0032409104831051913,0.0035232333290251597,-24.893329644106636,0.9274624161331498,0.019615194242194673,0.3280072747758053,6
1x2,Adjoint after thresholding,1590.0,0.04183545256317079,0.00329252350617135,0.003584283443984432,-24.82471115815209,0.9259894655210356,0.01891136014145049,0.3348442835401377,6
1x2,Adjoint after thresholding,1592.0,0.042200436937097546,0.003331551991887722,0.0036335276395465643,-24.77353404784033,0.9244610119909872,0.018258538927062345,0.341960291020231,6
1x2,Adjoint after thresholding,1594.0,0.04246923538609885,0.0033578276957059523,0.0036707149034675094,-24.73941593106851,0.9229036467134942,0.017717123501104826,0.3492362083738055,6
1x2,Adjoint after thresholding,1596.0,0.04265291989770081,0.003373720580476349,0.0036981625536217262,-24.71890889554357,0.9213332404379466,0.017331485883029688,0.3566008993310204,6
1x2,Adjoint after thresholding,1598.0,0.04277188377615728,0.003383479540590316,0.003720120626555135,-24.70636445288268,0.9197513522036741,0.017116548897415554,0.36404782854006346,6
1x2,Adjoint after thresholding,1600.0,0.04284995288035498,0.003392120254747844,0.0037416614212557133,-24.695287598800455,0.9181476625383344,0.017059255031184276,0.3716245804048903,6
