rank_parameterization,x_node_px,y_node_px,x_node_norm,y_node_norm,T_top_pred,T_bottom_pred,T_total_pred,ratio_top_pred,target_top,target_bottom,target_name,loss_pred,target_mse_loss_pred,total_power_loss_pred,ratio_mse_diagnostic_pred,total_power_weight,initial_train_rank,initial_train_sample,initial_train_loss_fdfd,search_strategy,candidate_count,inverse_candidate_count,batch_size,batch_count,mlp_inference_time_sec,mlp_screening_time_sec,average_inference_time_per_candidate_sec
0,121.18510437011719,120.6506576538086,0.32880616188049316,0.06311094760894775,0.6764788627624512,0.2895737588405609,0.9660526514053345,0.700250506401062,0.7,0.3,T070_030,5.76838938286528e-05,6.276689390460888e-08,0.0011524225119501352,6.276689390460888e-08,0.05,11,65,0.0036209560006286155,frozen_mlp_surrogate_adjoint,150,150,150,300,3.71956729888916,3.71956729888916,0.024797115325927734
1,121.18266296386719,120.65019226074219,0.328792542219162,0.06309986114501953,0.6764510869979858,0.28959783911705017,0.9660489559173584,0.7002244591712952,0.7,0.3,T070_030,5.768405753769912e-05,5.038727124428988e-08,0.0011526733869686723,5.038727124428988e-08,0.05,10,50025,0.00309357023175865,frozen_mlp_surrogate_adjoint,150,150,150,300,3.71956729888916,3.71956729888916,0.024797115325927734
2,121.185546875,120.6507568359375,0.32880857586860657,0.06311333179473877,0.6764847040176392,0.289568692445755,0.9660533666610718,0.7002560496330261,0.7,0.3,T070_030,5.768425762653351e-05,6.555988818490732e-08,0.0011523739667609334,6.555988818490732e-08,0.05,34,50118,0.014119945030888868,frozen_mlp_surrogate_adjoint,150,150,150,300,3.71956729888916,3.71956729888916,0.024797115325927734
3,121.19044494628906,120.65131378173828,0.3288358151912689,0.0631265640258789,0.6765171885490417,0.28954017162323,0.9660573601722717,0.7002867460250854,0.7,0.3,T070_030,5.76873826503288e-05,8.223866387879752e-08,0.0011521028354763985,8.223866387879752e-08,0.05,4,50168,0.0012540160532687463,frozen_mlp_surrogate_adjoint,150,150,150,300,3.71956729888916,3.71956729888916,0.024797115325927734
4,121.17621612548828,120.64942169189453,0.32875674962997437,0.06308138370513916,0.6764030456542969,0.2896389067173004,0.9660419225692749,0.7001798152923584,0.7,0.3,T070_030,5.768988194176927e-05,3.233246559375402e-08,0.0011531510390341282,3.233246559375402e-08,0.05,6,50110,0.0013346293507658816,frozen_mlp_surrogate_adjoint,150,150,150,300,3.71956729888916,3.71956729888916,0.024797115325927734
5,121.19309997558594,120.65126037597656,0.32885056734085083,0.06312525272369385,0.6765116453170776,0.289544016122818,0.9660556316375732,0.7002822756767273,0.7,0.3,T070_030,5.7690689573064446e-05,7.967787496454548e-08,0.0011522201821208,7.967787496454548e-08,0.05,7,50049,0.0015309773971809411,frozen_mlp_surrogate_adjoint,150,150,150,300,3.71956729888916,3.71956729888916,0.024797115325927734
6,121.19378662109375,120.65131378173828,0.32885435223579407,0.06312644481658936,0.6765143275260925,0.2895415425300598,0.9660558700561523,0.7002848982810974,0.7,0.3,T070_030,5.769137351308018e-05,8.117382321870537e-08,0.001152204000391066,8.117382321870537e-08,0.05,1,50221,0.0011858591810651425,frozen_mlp_surrogate_adjoint,150,150,150,300,3.71956729888916,3.71956729888916,0.024797115325927734
7,121.2007827758789,120.65168762207031,0.32889324426651,0.06313538551330566,0.676533043384552,0.2895236909389496,0.9660567045211792,0.7003036737442017,0.7,0.3,T070_030,5.7699573517311364e-05,9.220688212963069e-08,0.0011521473061293364,9.220688212963069e-08,0.05,116,50057,0.0651213334571167,frozen_mlp_surrogate_adjoint,150,150,150,300,3.71956729888916,3.71956729888916,0.024797115325927734
8,121.2216567993164,120.65250396728516,0.32900920510292053,0.06315493583679199,0.6765698194503784,0.2894865572452545,0.9660563468933105,0.7003419995307922,0.7,0.3,T070_030,5.772553413407877e-05,1.1695144763734788e-07,0.0011521716369315982,1.1695144763734788e-07,0.05,2,50027,0.0012141433818757983,frozen_mlp_surrogate_adjoint,150,150,150,300,3.71956729888916,3.71956729888916,0.024797115325927734
9,120.70442962646484,120.65654754638672,0.3261357247829437,0.06325113773345947,0.6762737035751343,0.28958648443222046,0.9658601880073547,0.7001776099205017,0.7,0.3,T070_030,5.8307898143539205e-05,3.155481209660138e-08,0.0011655268026515841,3.155481209660138e-08,0.05,93,50054,0.0443755297309423,frozen_mlp_surrogate_adjoint,150,150,150,300,3.71956729888916,3.71956729888916,0.024797115325927734
10,121.42672729492188,120.65100860595703,0.33014845848083496,0.06311917304992676,0.6764529347419739,0.289432168006897,0.9658851027488708,0.7003451585769653,0.7,0.3,T070_030,5.831044472870417e-05,1.1913238040506258e-07,0.0011638262076303363,1.1913238040506258e-07,0.05,8,50180,0.0022620952852169533,frozen_mlp_surrogate_adjoint,150,150,150,300,3.71956729888916,3.71956729888916,0.024797115325927734
11,121.45863342285156,120.64995574951172,0.330325722694397,0.0630941390991211,0.676409125328064,0.289428174495697,0.965837299823761,0.7003344297409058,0.7,0.3,T070_030,5.8466350310482085e-05,1.1185122161805339e-07,0.0011670900275930762,1.1185122161805339e-07,0.05,72,50008,0.03652806583452756,frozen_mlp_surrogate_adjoint,150,150,150,300,3.71956729888916,3.71956729888916,0.024797115325927734
12,120.38823699951172,120.66104125976562,0.3243790864944458,0.06335806846618652,0.676171600818634,0.28956523537635803,0.9657368659973145,0.700161337852478,0.7,0.3,T070_030,5.872415567864664e-05,2.603855797644883e-08,0.0011739623732864857,2.603855797644883e-08,0.05,86,52,0.04145530275550225,frozen_mlp_surrogate_adjoint,150,150,150,300,3.71956729888916,3.71956729888916,0.024797115325927734
13,121.79777526855469,120.64083862304688,0.33220985531806946,0.06287717819213867,0.6760729551315308,0.2892792820930481,0.9653522372245789,0.7003381252288818,0.7,0.3,T070_030,6.013769962009974e-05,1.1432665303345857e-07,0.0012004674645140767,1.1432665303345857e-07,0.05,0,50178,0.0010775988882437445,frozen_mlp_surrogate_adjoint,150,150,150,300,3.71956729888916,3.71956729888916,0.024797115325927734
14,122.07184600830078,120.63356018066406,0.3337324857711792,0.06270384788513184,0.6758067011833191,0.28915467858314514,0.9649614095687866,0.7003458142280579,0.7,0.3,T070_030,6.150476110633463e-05,1.196163452732435e-07,0.0012277028290554881,1.196163452732435e-07,0.05,48,90,0.021018135092521133,frozen_mlp_surrogate_adjoint,150,150,150,300,3.71956729888916,3.71956729888916,0.024797115325927734
15,122.14676666259766,120.6316909790039,0.33414870500564575,0.0626593828201294,0.6757416129112244,0.2891142964363098,0.9648559093475342,0.7003549337387085,0.7,0.3,T070_030,6.188135012052953e-05,1.2599699061865977e-07,0.0012351070763543248,1.2599699061865977e-07,0.05,5,50228,0.001309453899811142,frozen_mlp_surrogate_adjoint,150,150,150,300,3.71956729888916,3.71956729888916,0.024797115325927734
16,122.41072845458984,120.62432861328125,0.3356151580810547,0.062484025955200195,0.6754628419876099,0.28901249170303345,0.9644753336906433,0.7003422379493713,0.7,0.3,T070_030,6.321723776636645e-05,1.1714517711425287e-07,0.0012620019260793924,1.1714517711425287e-07,0.05,129,50014,0.07300545723881252,frozen_mlp_surrogate_adjoint,150,150,150,300,3.71956729888916,3.71956729888916,0.024797115325927734
17,122.46034240722656,120.62300109863281,0.3358907699584961,0.06245243549346924,0.6754140853881836,0.28899040818214417,0.9644044637680054,0.7003431916236877,0.7,0.3,T070_030,6.346988084260374e-05,1.1776821651210412e-07,0.0012670422438532114,1.1776821651210412e-07,0.05,109,50013,0.06313005764102926,frozen_mlp_surrogate_adjoint,150,150,150,300,3.71956729888916,3.71956729888916,0.024797115325927734
18,122.76687622070312,120.61530303955078,0.33759376406669617,0.06226909160614014,0.675278902053833,0.2888554334640503,0.9641343355178833,0.7003991603851318,0.7,0.3,T070_030,6.447664782172069e-05,1.5935043506942748e-07,0.0012863458832725883,1.5935043506942748e-07,0.05,9,70,0.002465145984350568,frozen_mlp_surrogate_adjoint,150,150,150,300,3.71956729888916,3.71956729888916,0.024797115325927734
19,118.17955017089844,120.73724365234375,0.3121086359024048,0.06517255306243896,0.6750614047050476,0.28903746604919434,0.9640988707542419,0.7001993656158447,0.7,0.3,T070_030,6.448430212913081e-05,3.9751402169940775e-08,0.0012888910714536905,3.9751402169940775e-08,0.05,40,87,0.017020712720575766,frozen_mlp_surrogate_adjoint,150,150,150,300,3.71956729888916,3.71956729888916,0.024797115325927734
20,122.92333221435547,120.61093139648438,0.3384629487991333,0.062165021896362305,0.6752129793167114,0.288815438747406,0.9640284180641174,0.7004077434539795,0.7,0.3,T070_030,6.486399797722697e-05,1.662644422140147e-07,0.0012939546722918749,1.662644422140147e-07,0.05,3,50163,0.0012229852548039312,frozen_mlp_surrogate_adjoint,150,150,150,300,3.71956729888916,3.71956729888916,0.024797115325927734
21,123.12513732910156,120.60023498535156,0.3395841121673584,0.061910390853881836,0.674788773059845,0.28873562812805176,0.9635244011878967,0.7003338932991028,0.7,0.3,T070_030,6.663494423264638e-05,1.1148274836614291e-07,0.0013304692693054676,1.1148274836614291e-07,0.05,115,50088,0.06507939667447736,frozen_mlp_surrogate_adjoint,150,150,150,300,3.71956729888916,3.71956729888916,0.024797115325927734
22,123.17547607421875,120.59851837158203,0.33986374735832214,0.06186950206756592,0.6747419238090515,0.28866344690322876,0.9634053707122803,0.7003717422485352,0.7,0.3,T070_030,6.709656008752063e-05,1.3821224342791538e-07,0.0013391668908298016,1.3821224342791538e-07,0.05,127,50104,0.07183958020914402,frozen_mlp_surrogate_adjoint,150,150,150,300,3.71956729888916,3.71956729888916,0.024797115325927734
23,124.26202392578125,120.57362365722656,0.34590011835098267,0.061276793479919434,0.6726813912391663,0.28779566287994385,0.9604770541191101,0.7003617286682129,0.7,0.3,T070_030,7.823402847861871e-05,1.3086703631870478e-07,0.0015620632329955697,1.3086703631870478e-07,0.05,17,50066,0.006949764435579769,frozen_mlp_surrogate_adjoint,150,150,150,300,3.71956729888916,3.71956729888916,0.024797115325927734
24,114.04115295410156,120.93955993652344,0.2891175448894501,0.06998944282531738,0.6711824536323547,0.2873574495315552,0.9585399031639099,0.7002133727073669,0.7,0.3,T070_030,8.599251304985955e-05,4.553299959297874e-08,0.0017189396312460303,4.553299959297874e-08,0.05,134,50105,0.07369891013492923,frozen_mlp_surrogate_adjoint,150,150,150,300,3.71956729888916,3.71956729888916,0.024797115325927734
25,127.27347564697266,120.52337646484375,0.3626304268836975,0.06008040904998779,0.6662921905517578,0.2849653959274292,0.951257586479187,0.7004329562187195,0.7,0.3,T070_030,0.00011897861986653879,1.8747431340671028e-07,0.0023758229799568653,1.8747431340671028e-07,0.05,16,33,0.0067706498548695876,frozen_mlp_surrogate_adjoint,150,150,150,300,3.71956729888916,3.71956729888916,0.024797115325927734
26,127.77784729003906,120.54212951660156,0.3654325008392334,0.06052696704864502,0.6655256152153015,0.2843923568725586,0.9499179720878601,0.700613796710968,0.7,0.3,T070_030,0.0001257872354472056,3.767427187995054e-07,0.002508209552615881,3.767427187995054e-07,0.05,31,50021,0.012059791427823255,frozen_mlp_surrogate_adjoint,150,150,150,300,3.71956729888916,3.71956729888916,0.024797115325927734
27,128.04049682617188,120.541259765625,0.36689168214797974,0.06050610542297363,0.6647636294364929,0.2843618392944336,0.9491254687309265,0.700395941734314,0.7,0.3,T070_030,0.00012956767750438303,1.567792935475154e-07,0.002588217845186591,1.567792935475154e-07,0.05,42,50167,0.0174048318354029,frozen_mlp_surrogate_adjoint,150,150,150,300,3.71956729888916,3.71956729888916,0.024797115325927734
28,128.14794921875,120.54227447509766,0.3674885928630829,0.06053042411804199,0.6645937561988831,0.28421711921691895,0.948810875415802,0.7004491090774536,0.7,0.3,T070_030,0.0001312180538661778,2.01723054260583e-07,0.0026203265879303217,2.01723054260583e-07,0.05,33,50175,0.013610730933503856,frozen_mlp_surrogate_adjoint,150,150,150,300,3.71956729888916,3.71956729888916,0.024797115325927734
29,128.44256591796875,120.54513549804688,0.3691253662109375,0.06059849262237549,0.6640108823776245,0.2840134799480438,0.9480243921279907,0.7004153728485107,0.7,0.3,T070_030,0.00013524576206691563,1.7256925843867066e-07,0.0027014638762921095,1.7256925843867066e-07,0.05,22,50036,0.009350702229503845,frozen_mlp_surrogate_adjoint,150,150,150,300,3.71956729888916,3.71956729888916,0.024797115325927734
30,129.40029907226562,120.5664291381836,0.3744460642337799,0.06110548973083496,0.6624937653541565,0.2830599844455719,0.9455537796020508,0.7006410360336304,0.7,0.3,T070_030,0.00014863051183056086,4.109616043024289e-07,0.0029643909074366093,4.109616043024289e-07,0.05,50,50031,0.021454358885814716,frozen_mlp_surrogate_adjoint,150,150,150,300,3.71956729888916,3.71956729888916,0.024797115325927734
31,131.821533203125,120.58252716064453,0.38789743185043335,0.06148874759674072,0.658282995223999,0.2814500629901886,0.9397330284118652,0.7005000114440918,0.7,0.3,T070_030,0.00018185538647230715,2.5000846903822094e-07,0.003632107749581337,2.5000846903822094e-07,0.05,60,50010,0.027673966682140463,frozen_mlp_surrogate_adjoint,150,150,150,300,3.71956729888916,3.71956729888916,0.024797115325927734
32,132.00039672851562,120.57942962646484,0.3888910710811615,0.06141495704650879,0.6579796671867371,0.2813510596752167,0.9393306970596313,0.700477123260498,0.7,0.3,T070_030,0.00018426586757414043,2.276437669479492e-07,0.0036807642318308353,2.276437669479492e-07,0.05,92,50080,0.044001804396448164,frozen_mlp_surrogate_adjoint,150,150,150,300,3.71956729888916,3.71956729888916,0.024797115325927734
33,133.28851318359375,120.5616455078125,0.39604729413986206,0.060991525650024414,0.6560658812522888,0.28042447566986084,0.9364903569221497,0.700558066368103,0.7,0.3,T070_030,0.0002019851963268593,3.1145137313615123e-07,0.004033474717289209,3.1145137313615123e-07,0.05,117,50186,0.06529403948750684,frozen_mlp_surrogate_adjoint,150,150,150,300,3.71956729888916,3.71956729888916,0.024797115325927734
34,135.50567626953125,120.52584075927734,0.4083648920059204,0.06013906002044678,0.6529985666275024,0.2791634202003479,0.9321619868278503,0.7005204558372498,0.7,0.3,T070_030,0.00023037070059217513,2.7090220555692213e-07,0.004601995926350355,2.7090220555692213e-07,0.05,43,50119,0.018670445613513092,frozen_mlp_surrogate_adjoint,150,150,150,300,3.71956729888916,3.71956729888916,0.024797115325927734
35,136.57708740234375,120.50984191894531,0.41431716084480286,0.05975818634033203,0.6515263915061951,0.2784716784954071,0.9299980401992798,0.7005674839019775,0.7,0.3,T070_030,0.0002453357446938753,3.220345945464942e-07,0.004900274332612753,3.220345945464942e-07,0.05,80,54,0.03950214148149479,frozen_mlp_surrogate_adjoint,150,150,150,300,3.71956729888916,3.71956729888916,0.024797115325927734
36,136.87905883789062,120.50605010986328,0.4159947633743286,0.05966782569885254,0.651138961315155,0.2782490849494934,0.9293880462646484,0.7006104588508606,0.7,0.3,T070_030,0.0002496750676073134,3.726563591044396e-07,0.004986048210412264,3.726563591044396e-07,0.05,65,50145,0.028817105449763483,frozen_mlp_surrogate_adjoint,150,150,150,300,3.71956729888916,3.71956729888916,0.024797115325927734
37,136.93011474609375,120.50529479980469,0.4162783622741699,0.05964994430541992,0.651067316532135,0.2782166600227356,0.9292839765548706,0.7006117701530457,0.7,0.3,T070_030,0.0002504121221136302,3.7429555277412874e-07,0.005000756122171879,3.7429555277412874e-07,0.05,88,50020,0.0425390733856189,frozen_mlp_surrogate_adjoint,150,150,150,300,3.71956729888916,3.71956729888916,0.024797115325927734
38,136.96469116210938,120.50538635253906,0.41647055745124817,0.059651970863342285,0.6510524153709412,0.2781662940979004,0.9292187094688416,0.7006449699401855,0.7,0.3,T070_030,0.00025091556017287076,4.16001597614013e-07,0.005009991116821766,4.16001597614013e-07,0.05,62,50047,0.02836973164884445,frozen_mlp_surrogate_adjoint,150,150,150,300,3.71956729888916,3.71956729888916,0.024797115325927734
39,136.99826049804688,120.5040512084961,0.416657030582428,0.05962026119232178,0.6509577035903931,0.27818506956100464,0.9291427731513977,0.7006003260612488,0.7,0.3,T070_030,0.00025139772333204746,3.6038778716829256e-07,0.005020746495574713,3.6038778716829256e-07,0.05,75,18,0.037736968730357034,frozen_mlp_surrogate_adjoint,150,150,150,300,3.71956729888916,3.71956729888916,0.024797115325927734
40,138.77505493164062,120.50182342529297,0.42652809619903564,0.05956721305847168,0.6485645174980164,0.27707943320274353,0.9256439208984375,0.7006630897521973,0.7,0.3,T070_030,0.0002768809790723026,4.396642907522619e-07,0.005528826266527176,4.396642907522619e-07,0.05,74,50041,0.037633517745607,frozen_mlp_surrogate_adjoint,150,150,150,300,3.71956729888916,3.71956729888916,0.024797115325927734
41,138.77993774414062,120.50170135498047,0.42655515670776367,0.05956423282623291,0.648543119430542,0.2770902216434479,0.9256333112716675,0.7006480097770691,0.7,0.3,T070_030,0.00027694011805579066,4.1989349597315595e-07,0.005530404392629862,4.1989349597315595e-07,0.05,145,50038,0.07871173583719075,frozen_mlp_surrogate_adjoint,150,150,150,300,3.71956729888916,3.71956729888916,0.024797115325927734
42,138.99700927734375,120.5071029663086,0.4277611970901489,0.059692978858947754,0.6482400298118591,0.27702027559280396,0.9252603054046631,0.7006028890609741,0.7,0.3,T070_030,0.0002796645858325064,3.634895904269797e-07,0.005586022045463324,3.634895904269797e-07,0.05,90,96,0.043220737710815756,frozen_mlp_surrogate_adjoint,150,150,150,300,3.71956729888916,3.71956729888916,0.024797115325927734
43,139.07284545898438,120.5091552734375,0.4281824827194214,0.059741854667663574,0.6481438279151917,0.27698761224746704,0.9251314401626587,0.7005964517593384,0.7,0.3,T070_030,0.0002806208794936538,3.557867103154422e-07,0.005605301354080439,3.557867103154422e-07,0.05,148,50093,0.07974650573412258,frozen_mlp_surrogate_adjoint,150,150,150,300,3.71956729888916,3.71956729888916,0.024797115325927734
44,139.4122314453125,120.51983642578125,0.43006789684295654,0.05999612808227539,0.6478015780448914,0.27676665782928467,0.924568235874176,0.700653076171875,0.7,0.3,T070_030,0.00028492408455349505,4.2652405340959376e-07,0.005689951125532389,4.2652405340959376e-07,0.05,95,50040,0.04642044159940996,frozen_mlp_surrogate_adjoint,150,150,150,300,3.71956729888916,3.71956729888916,0.024797115325927734
45,139.49679565429688,120.5239486694336,0.43053770065307617,0.06009399890899658,0.64780193567276,0.276638925075531,0.924440860748291,0.7007499933242798,0.7,0.3,T070_030,0.0002860217064153403,5.625078642879089e-07,0.005709183402359486,5.625078642879089e-07,0.05,111,50179,0.06355560605896046,frozen_mlp_surrogate_adjoint,150,150,150,300,3.71956729888916,3.71956729888916,0.024797115325927734
46,139.91961669921875,120.53887176513672,0.4328868091106415,0.06044936180114746,0.6474557518959045,0.27636340260505676,0.9238191843032837,0.7008468508720398,0.7,0.3,T070_030,0.0002908930473495275,7.172018285928061e-07,0.005803516600281,7.172018285928061e-07,0.05,133,50164,0.07366140292223253,frozen_mlp_surrogate_adjoint,150,150,150,300,3.71956729888916,3.71956729888916,0.024797115325927734
47,140.47872924804688,120.55883026123047,0.435992956161499,0.060924530029296875,0.6468495726585388,0.27611106634140015,0.922960638999939,0.7008419632911682,0.7,0.3,T070_030,0.0002974621020257473,7.089473683663527e-07,0.005935063119977713,7.089473683663527e-07,0.05,144,64,0.07856468389377277,frozen_mlp_surrogate_adjoint,150,150,150,300,3.71956729888916,3.71956729888916,0.024797115325927734
48,140.5500030517578,120.56265258789062,0.43638890981674194,0.06101560592651367,0.6466755867004395,0.2761545479297638,0.9228301048278809,0.7007526159286499,0.7,0.3,T070_030,0.000298326020129025,5.664038553732098e-07,0.005955192726105452,5.664038553732098e-07,0.05,120,50063,0.0665513663667259,frozen_mlp_surrogate_adjoint,150,150,150,300,3.71956729888916,3.71956729888916,0.024797115325927734
49,140.617431640625,120.56666564941406,0.4367634952068329,0.06111109256744385,0.6465689539909363,0.2761601507663727,0.9227291345596313,0.7007136940956116,0.7,0.3,T070_030,0.00029904875555075705,5.094187827126007e-07,0.005970786791294813,5.094187827126007e-07,0.05,105,50064,0.05919145860434087,frozen_mlp_surrogate_adjoint,150,150,150,300,3.71956729888916,3.71956729888916,0.024797115325927734
50,140.65603637695312,120.57081604003906,0.4369780123233795,0.061209917068481445,0.6466181874275208,0.27607429027557373,0.9226924777030945,0.7007948756217957,0.7,0.3,T070_030,0.00029945452115498483,6.318699092844327e-07,0.005976452957838774,6.318699092844327e-07,0.05,132,50185,0.07350786384649703,frozen_mlp_surrogate_adjoint,150,150,150,300,3.71956729888916,3.71956729888916,0.024797115325927734
51,140.90530395507812,120.58562469482422,0.43836280703544617,0.061562538146972656,0.6462790966033936,0.27606886625289917,0.9223479628562927,0.7006890177726746,0.7,0.3,T070_030,0.00030196670559234917,4.747619186673546e-07,0.0060298386961221695,4.747619186673546e-07,0.05,110,75,0.06338737245540099,frozen_mlp_surrogate_adjoint,150,150,150,300,3.71956729888916,3.71956729888916,0.024797115325927734
52,140.96932983398438,120.5903091430664,0.4387184679508209,0.06167399883270264,0.6462401151657104,0.27602726221084595,0.9222673773765564,0.7007079720497131,0.7,0.3,T070_030,0.0003026193007826805,5.012412884752848e-07,0.006042360793799162,5.012412884752848e-07,0.05,125,50202,0.07132444368456849,frozen_mlp_surrogate_adjoint,150,150,150,300,3.71956729888916,3.71956729888916,0.024797115325927734
53,141.43557739257812,120.624267578125,0.4413088262081146,0.062482476234436035,0.6459486484527588,0.2757306694984436,0.9216793179512024,0.7008388042449951,0.7,0.3,T070_030,0.0003074101114179939,7.036375677671458e-07,0.006134129129350185,7.036375677671458e-07,0.05,123,50146,0.07035196901404064,frozen_mlp_surrogate_adjoint,150,150,150,300,3.71956729888916,3.71956729888916,0.024797115325927734
54,142.6110076904297,120.70215606689453,0.4478389322757721,0.06433713436126709,0.6447227001190186,0.2750159502029419,0.9197386503219604,0.7009846568107605,0.7,0.3,T070_030,0.0003230638103559613,9.696018423710484e-07,0.006441884208470583,9.696018423710484e-07,0.05,82,50071,0.040512303874466464,frozen_mlp_surrogate_adjoint,150,150,150,300,3.71956729888916,3.71956729888916,0.024797115325927734
55,135.17193603515625,143.16941833496094,0.40651077032089233,0.5992717742919922,0.5017005801200867,0.20354607701301575,0.7052466869354248,0.7113831043243408,0.7,0.3,T070_030,0.004473551642149687,0.00012957601575180888,0.08687951415777206,0.00012957601575180888,0.05,114,50039,0.06454516187091587,frozen_mlp_surrogate_adjoint,150,150,150,300,3.71956729888916,3.71956729888916,0.024797115325927734
56,135.172119140625,143.17018127441406,0.4065117835998535,0.5992900133132935,0.5016635060310364,0.20356036722660065,0.7052238583564758,0.7113535404205322,0.7,0.3,T070_030,0.004473552107810974,0.00012890314974356443,0.0868929773569107,0.00012890314974356443,0.05,94,50246,0.04591835870200807,frozen_mlp_surrogate_adjoint,150,150,150,300,3.71956729888916,3.71956729888916,0.024797115325927734
57,135.17263793945312,143.17100524902344,0.4065147042274475,0.5993096828460693,0.5016266107559204,0.20357449352741241,0.7052010893821716,0.7113242149353027,0.7,0.3,T070_030,0.004473557695746422,0.00012823777797166258,0.08690639585256577,0.00012823777797166258,0.05,119,50226,0.06651084700853611,frozen_mlp_surrogate_adjoint,150,150,150,300,3.71956729888916,3.71956729888916,0.024797115325927734
58,135.1728515625,143.1724853515625,0.406515896320343,0.5993450880050659,0.5015537142753601,0.20360256731510162,0.7051562666893005,0.711266040802002,0.7,0.3,T070_030,0.004473565611988306,0.00012692394375335425,0.08693283051252365,0.00012692394375335425,0.05,124,50096,0.0704044960197709,frozen_mlp_surrogate_adjoint,150,150,150,300,3.71956729888916,3.71956729888916,0.024797115325927734
59,135.17477416992188,143.17274475097656,0.4065265655517578,0.599351167678833,0.5015581250190735,0.2036001980304718,0.7051583528518677,0.7112702131271362,0.7,0.3,T070_030,0.004473598208278418,0.0001270183129236102,0.08693159371614456,0.0001270183129236102,0.05,106,50215,0.05952989170242616,frozen_mlp_surrogate_adjoint,150,150,150,300,3.71956729888916,3.71956729888916,0.024797115325927734
60,135.17483520507812,143.1727294921875,0.4065268933773041,0.5993505716323853,0.5015597939491272,0.2035994827747345,0.7051593065261841,0.7112715840339661,0.7,0.3,T070_030,0.004473601467907429,0.00012704954133369029,0.08693103492259979,0.00012704954133369029,0.05,15,50048,0.006759795847150672,frozen_mlp_surrogate_adjoint,150,150,150,300,3.71956729888916,3.71956729888916,0.024797115325927734
61,135.17498779296875,143.17263793945312,0.4065277576446533,0.5993484258651733,0.5015658140182495,0.20359709858894348,0.7051628828048706,0.7112765312194824,0.7,0.3,T070_030,0.004473606590181589,0.0001271600922336802,0.08692892640829086,0.0001271600922336802,0.05,71,50191,0.03636357778996627,frozen_mlp_surrogate_adjoint,150,150,150,300,3.71956729888916,3.71956729888916,0.024797115325927734
62,135.17465209960938,143.17587280273438,0.40652579069137573,0.5994255542755127,0.5013997554779053,0.2036617398262024,0.7050614953041077,0.7111433148384094,0.7,0.3,T070_030,0.004473609384149313,0.00012417339894454926,0.08698872476816177,0.00012417339894454926,0.05,108,39,0.06291775068055197,frozen_mlp_surrogate_adjoint,150,150,150,300,3.71956729888916,3.71956729888916,0.024797115325927734
63,135.17520141601562,143.17367553710938,0.40652891993522644,0.5993731021881104,0.5015153884887695,0.20361657440662384,0.7051319479942322,0.7112362384796143,0.7,0.3,T070_030,0.004473611246794462,0.0001262529840460047,0.08694716542959213,0.0001262529840460047,0.05,12,50230,0.005893928675229337,frozen_mlp_surrogate_adjoint,150,150,150,300,3.71956729888916,3.71956729888916,0.024797115325927734
64,135.1748809814453,143.1765899658203,0.4065271317958832,0.5994426012039185,0.5013659000396729,0.2036747932434082,0.705040693283081,0.7111162543296814,0.7,0.3,T070_030,0.004473621025681496,0.0001235713716596365,0.08700099587440491,0.0001235713716596365,0.05,107,50046,0.06120044386502172,frozen_mlp_surrogate_adjoint,150,150,150,300,3.71956729888916,3.71956729888916,0.024797115325927734
65,135.17535400390625,143.1763153076172,0.4065297842025757,0.5994359254837036,0.5013841390609741,0.2036675065755844,0.7050516605377197,0.7111310958862305,0.7,0.3,T070_030,0.004473628010600805,0.00012390155461616814,0.08699452131986618,0.00012390155461616814,0.05,66,50083,0.028855215945677967,frozen_mlp_surrogate_adjoint,150,150,150,300,3.71956729888916,3.71956729888916,0.024797115325927734
66,135.17520141601562,143.17681884765625,0.40652894973754883,0.5994479656219482,0.5013574957847595,0.20367790758609772,0.705035388469696,0.7111096978187561,0.7,0.3,T070_030,0.004473631735891104,0.0001234253286384046,0.08700412511825562,0.0001234253286384046,0.05,46,50113,0.020542023650675867,frozen_mlp_surrogate_adjoint,150,150,150,300,3.71956729888916,3.71956729888916,0.024797115325927734
67,135.17239379882812,143.16519165039062,0.4065133333206177,0.5991712808609009,0.5019168853759766,0.20346184074878693,0.7053787112236023,0.711556613445282,0.7,0.3,T070_030,0.004473640583455563,0.0001335552369710058,0.08680170029401779,0.0001335552369710058,0.05,19,88,0.0076854507726712065,frozen_mlp_surrogate_adjoint,150,150,150,300,3.71956729888916,3.71956729888916,0.024797115325927734
68,135.17205810546875,143.16461181640625,0.40651148557662964,0.5991575717926025,0.5019427537918091,0.2034519463777542,0.7053946852684021,0.7115771770477295,0.7,0.3,T070_030,0.004473645240068436,0.00013403096818365157,0.08679229021072388,0.00013403096818365157,0.05,41,50122,0.017073654578195915,frozen_mlp_surrogate_adjoint,150,150,150,300,3.71956729888916,3.71956729888916,0.024797115325927734
69,135.17501831054688,143.17823791503906,0.40652787685394287,0.5994818210601807,0.5012841820716858,0.20370645821094513,0.7049906253814697,0.7110508680343628,0.7,0.3,T070_030,0.0044736480340361595,0.00012212162255309522,0.08703052997589111,0.00012212162255309522,0.05,52,50019,0.023374632335040144,frozen_mlp_surrogate_adjoint,150,150,150,300,3.71956729888916,3.71956729888916,0.024797115325927734
70,135.1763916015625,143.17620849609375,0.4065355658531189,0.5994336605072021,0.5013982653617859,0.20366157591342926,0.705059826374054,0.7111428380012512,0.7,0.3,T070_030,0.004473648499697447,0.0001241631107404828,0.08698970824480057,0.0001241631107404828,0.05,118,50238,0.06584643589881514,frozen_mlp_surrogate_adjoint,150,150,150,300,3.71956729888916,3.71956729888916,0.024797115325927734
71,135.17727661132812,143.17559814453125,0.4065404534339905,0.599419116973877,0.5014368295669556,0.2036461979150772,0.7050830125808716,0.7111741900444031,0.7,0.3,T070_030,0.004473663866519928,0.0001248624612344429,0.08697602897882462,0.0001248624612344429,0.05,23,4,0.009574250929234942,frozen_mlp_surrogate_adjoint,150,150,150,300,3.71956729888916,3.71956729888916,0.024797115325927734
72,135.17120361328125,143.16305541992188,0.4065067172050476,0.5991204977035522,0.5020135641098022,0.2034248411655426,0.7054383754730225,0.7116335034370422,0.7,0.3,T070_030,0.00447366526350379,0.00013533799210563302,0.0867665484547615,0.00013533799210563302,0.05,102,50132,0.05455945795956117,frozen_mlp_surrogate_adjoint,150,150,150,300,3.71956729888916,3.71956729888916,0.024797115325927734
73,135.1783905029297,143.17568969726562,0.40654659271240234,0.5994211435317993,0.5014423131942749,0.2036435902118683,0.7050858736038208,0.7111790776252747,0.7,0.3,T070_030,0.004473688546568155,0.00012497138231992722,0.08697434514760971,0.00012497138231992722,0.05,44,50056,0.018900105541537544,frozen_mlp_surrogate_adjoint,150,150,150,300,3.71956729888916,3.71956729888916,0.024797115325927734
74,135.17140197753906,143.16232299804688,0.40650779008865356,0.5991028547286987,0.5020525455474854,0.2034095972776413,0.7054621577262878,0.7116647362709045,0.7,0.3,T070_030,0.004473693668842316,0.00013606669381260872,0.08675254136323929,0.00013606669381260872,0.05,26,50171,0.009621109992810458,frozen_mlp_surrogate_adjoint,150,150,150,300,3.71956729888916,3.71956729888916,0.024797115325927734
75,135.17942810058594,143.17483520507812,0.40655237436294556,0.5994009971618652,0.5014940500259399,0.20362304151058197,0.7051171064376831,0.711220920085907,0.7,0.3,T070_030,0.004473705776035786,0.00012590964615810663,0.08695591986179352,0.00012590964615810663,0.05,13,50015,0.006289962785141098,frozen_mlp_surrogate_adjoint,150,150,150,300,3.71956729888916,3.71956729888916,0.024797115325927734
76,135.17636108398438,143.18038940429688,0.40653538703918457,0.599532961845398,0.5011881589889526,0.20374317467212677,0.7049313187599182,0.7109744548797607,0.7,0.3,T070_030,0.004473715089261532,0.000120438591693528,0.08706552535295486,0.000120438591693528,0.05,20,50095,0.00824840775813456,frozen_mlp_surrogate_adjoint,150,150,150,300,3.71956729888916,3.71956729888916,0.024797115325927734
77,135.17898559570312,143.17776489257812,0.40654993057250977,0.5994704961776733,0.5013434886932373,0.20368169248104095,0.7050251960754395,0.7111001014709473,0.7,0.3,T070_030,0.004473720211535692,0.00012321284157224,0.08701013773679733,0.00012321284157224,0.05,32,50239,0.01315316354226214,frozen_mlp_surrogate_adjoint,150,150,150,300,3.71956729888916,3.71956729888916,0.024797115325927734
78,135.17343139648438,143.17637634277344,0.4065190255641937,0.5994375944137573,0.5013623833656311,0.20367403328418732,0.7050364017486572,0.7111155986785889,0.7,0.3,T070_030,0.0044737327843904495,0.00012355647049844265,0.08700352162122726,0.00012355647049844265,0.05,36,50127,0.015076430967226582,frozen_mlp_surrogate_adjoint,150,150,150,300,3.71956729888916,3.71956729888916,0.024797115325927734
79,135.16885375976562,143.16293334960938,0.40649357438087463,0.5991172790527344,0.5019981861114502,0.20342908799648285,0.7054272890090942,0.7116228342056274,0.7,0.3,T070_030,0.004473745357245207,0.00013509124983102083,0.08677308261394501,0.00013509124983102083,0.05,14,50177,0.006746908828280196,frozen_mlp_surrogate_adjoint,150,150,150,300,3.71956729888916,3.71956729888916,0.024797115325927734
80,135.1800994873047,143.17861938476562,0.4065561294555664,0.5994910001754761,0.5013099312782288,0.20369425415992737,0.7050042152404785,0.711073637008667,0.7,0.3,T070_030,0.004473751876503229,0.00012262637028470635,0.08702251315116882,0.00012262637028470635,0.05,49,50166,0.02112318521735302,frozen_mlp_surrogate_adjoint,150,150,150,300,3.71956729888916,3.71956729888916,0.024797115325927734
81,135.17672729492188,143.1651611328125,0.40653735399246216,0.599170446395874,0.5019570589065552,0.20344437658786774,0.7054014205932617,0.7115906476974487,0.7,0.3,T070_030,0.004473759792745113,0.00013434338325168937,0.08678832650184631,0.00013434338325168937,0.05,29,50033,0.010560677986813396,frozen_mlp_surrogate_adjoint,150,150,150,300,3.71956729888916,3.71956729888916,0.024797115325927734
82,135.1752471923828,143.1806182861328,0.40652915835380554,0.5995386838912964,0.501165509223938,0.20375099778175354,0.7049164772033691,0.7109572887420654,0.7,0.3,T070_030,0.0044737765565514565,0.0001200621118186973,0.08707428723573685,0.0001200621118186973,0.05,21,50092,0.008468487000242868,frozen_mlp_surrogate_adjoint,150,150,150,300,3.71956729888916,3.71956729888916,0.024797115325927734
83,135.18222045898438,143.1776885986328,0.40656787157058716,0.5994688272476196,0.5013756155967712,0.20366784930229187,0.7050434350967407,0.7111272811889648,0.7,0.3,T070_030,0.004473784938454628,0.00012381598935462534,0.08699937164783478,0.00012381598935462534,0.05,77,50159,0.03814381331407922,frozen_mlp_surrogate_adjoint,150,150,150,300,3.71956729888916,3.71956729888916,0.024797115325927734
84,135.1687774658203,143.15768432617188,0.406493216753006,0.5989925861358643,0.5022622346878052,0.20332929491996765,0.7055915594100952,0.7118313908576965,0.7,0.3,T070_030,0.0044737993739545345,0.00013998278882354498,0.08667632937431335,0.00013998278882354498,0.05,39,50206,0.016311203461697697,frozen_mlp_surrogate_adjoint,150,150,150,300,3.71956729888916,3.71956729888916,0.024797115325927734
85,135.18283081054688,143.17861938476562,0.40657132863998413,0.5994908809661865,0.501334547996521,0.2036835104227066,0.7050180435180664,0.7110946178436279,0.7,0.3,T070_030,0.004473808221518993,0.0001230908092111349,0.08701435476541519,0.0001230908092111349,0.05,25,50218,0.009594098485232497,frozen_mlp_surrogate_adjoint,150,150,150,300,3.71956729888916,3.71956729888916,0.024797115325927734
86,135.19842529296875,143.17813110351562,0.406657874584198,0.5994794368743896,0.5014970302581787,0.20361366868019104,0.7051106691360474,0.7112316489219666,0.7,0.3,T070_030,0.004474136047065258,0.0001261498691746965,0.08695971965789795,0.0001261498691746965,0.05,28,50035,0.010450362198304483,frozen_mlp_surrogate_adjoint,150,150,150,300,3.71956729888916,3.71956729888916,0.024797115325927734
87,135.20057678222656,143.18032836914062,0.40666988492012024,0.5995316505432129,0.5014060735702515,0.20364806056022644,0.7050541639328003,0.7111596465110779,0.7,0.3,T070_030,0.00447419099509716,0.00012453863746486604,0.08699304610490799,0.00012453863746486604,0.05,89,50155,0.04311591545920591,frozen_mlp_surrogate_adjoint,150,150,150,300,3.71956729888916,3.71956729888916,0.024797115325927734
88,135.20025634765625,143.1809539794922,0.4066680371761322,0.5995466709136963,0.5013713836669922,0.20366166532039642,0.7050330638885498,0.711131751537323,0.7,0.3,T070_030,0.00447419099509716,0.00012391616473905742,0.08700549602508545,0.00012391616473905742,0.05,45,50149,0.019674146084439195,frozen_mlp_surrogate_adjoint,150,150,150,300,3.71956729888916,3.71956729888916,0.024797115325927734
89,135.20175170898438,143.18739318847656,0.40667641162872314,0.5996997356414795,0.5010614395141602,0.203781396150589,0.7048428058624268,0.7108839750289917,0.7,0.3,T070_030,0.004474348854273558,0.00011846052075270563,0.0871177688241005,0.00011846052075270563,0.05,27,73,0.010310134552125844,frozen_mlp_surrogate_adjoint,150,150,150,300,3.71956729888916,3.71956729888916,0.024797115325927734
90,135.30633544921875,143.20074462890625,0.4072573781013489,0.6000179052352905,0.5013182759284973,0.20363643765449524,0.7049547433853149,0.7111353874206543,0.7,0.3,T070_030,0.00447658309713006,0.0001239977718796581,0.08705170452594757,0.0001239977718796581,0.05,18,50220,0.007025102378817878,frozen_mlp_surrogate_adjoint,150,150,150,300,3.71956729888916,3.71956729888916,0.024797115325927734
91,135.60406494140625,143.26046752929688,0.4089115262031555,0.6014397144317627,0.501046895980835,0.20361530780792236,0.7046622037887573,0.711045503616333,0.7,0.3,T070_030,0.004483224358409643,0.00012200341006973758,0.08722441643476486,0.00012200341006973758,0.05,112,50157,0.06402127611653152,frozen_mlp_surrogate_adjoint,150,150,150,300,3.71956729888916,3.71956729888916,0.024797115325927734
92,136.13449096679688,143.36788940429688,0.41185832023620605,0.6039972305297852,0.5009598135948181,0.20343200862407684,0.7043918371200562,0.7111948132514954,0.7,0.3,T070_030,0.004494533408433199,0.0001253241061931476,0.0873841866850853,0.0001253241061931476,0.05,24,99,0.009593329561032465,frozen_mlp_surrogate_adjoint,150,150,150,300,3.71956729888916,3.71956729888916,0.024797115325927734
93,138.2567138671875,143.82131958007812,0.4236484169960022,0.6147934198379517,0.4999244809150696,0.2029920220375061,0.7029165029525757,0.7112146019935608,0.7,0.3,T070_030,0.0045386976562440395,0.00012576756125781685,0.08825860172510147,0.00012576756125781685,0.05,47,50094,0.020907576684266016,frozen_mlp_surrogate_adjoint,150,150,150,300,3.71956729888916,3.71956729888916,0.024797115325927734
94,138.33717346191406,143.84326171875,0.42409539222717285,0.6153157949447632,0.4997190237045288,0.2030463069677353,0.7027653455734253,0.7110752463340759,0.7,0.3,T070_030,0.004540083464235067,0.00012266133853700012,0.08834844082593918,0.00012266133853700012,0.05,136,50004,0.07495439924570743,frozen_mlp_surrogate_adjoint,150,150,150,300,3.71956729888916,3.71956729888916,0.024797115325927734
95,139.64804077148438,144.1400146484375,0.43137797713279724,0.622381329536438,0.49942201375961304,0.20274516940116882,0.7021671533584595,0.7112579941749573,0.7,0.3,T070_030,0.0045619625598192215,0.0001267423649551347,0.08870440721511841,0.0001267423649551347,0.05,30,50147,0.011149364752113658,frozen_mlp_surrogate_adjoint,150,150,150,300,3.71956729888916,3.71956729888916,0.024797115325927734
96,140.19821166992188,144.26979064941406,0.43443456292152405,0.6254711151123047,0.4991030693054199,0.20270197093486786,0.701805055141449,0.7111705541610718,0.7,0.3,T070_030,0.004570792894810438,0.00012478155258577317,0.0889202281832695,0.00012478155258577317,0.05,38,43,0.015780504150478967,frozen_mlp_surrogate_adjoint,150,150,150,300,3.71956729888916,3.71956729888916,0.024797115325927734
97,140.69085693359375,144.3867950439453,0.43717148900032043,0.6282569169998169,0.4988613724708557,0.20265580713748932,0.7015171647071838,0.7111178636550903,0.7,0.3,T070_030,0.004578207153826952,0.0001236068201251328,0.08909200131893158,0.0001236068201251328,0.05,130,50211,0.07336391179477957,frozen_mlp_surrogate_adjoint,150,150,150,300,3.71956729888916,3.71956729888916,0.024797115325927734
98,141.35833740234375,144.54318237304688,0.4408796429634094,0.6319806575775146,0.49864107370376587,0.20255161821842194,0.7011926770210266,0.7111327648162842,0.7,0.3,T070_030,0.004588229116052389,0.00012393838551361114,0.08928581327199936,0.00012393838551361114,0.05,98,50072,0.04935021578855545,frozen_mlp_surrogate_adjoint,150,150,150,300,3.71956729888916,3.71956729888916,0.024797115325927734
99,142.2067413330078,144.75003051757812,0.445592999458313,0.636905312538147,0.4982938766479492,0.20244109630584717,0.7007349729537964,0.711101770401001,0.7,0.3,T070_030,0.00460122711956501,0.0001232495706062764,0.08955955505371094,0.0001232495706062764,0.05,126,50216,0.07150539559225558,frozen_mlp_surrogate_adjoint,150,150,150,300,3.71956729888916,3.71956729888916,0.024797115325927734
100,142.35556030273438,144.788330078125,0.44641977548599243,0.6378173828125,0.498327374458313,0.20238259434700012,0.7007099390029907,0.7111749649047852,0.7,0.3,T070_030,0.004603606648743153,0.00012487977801356465,0.08957453817129135,0.00012487977801356465,0.05,51,93,0.023369510528405187,frozen_mlp_surrogate_adjoint,150,150,150,300,3.71956729888916,3.71956729888916,0.024797115325927734
101,143.76318359375,145.16754150390625,0.45423993468284607,0.6468461751937866,0.4978082776069641,0.2021537870168686,0.6999620795249939,0.7111932039260864,0.7,0.3,T070_030,0.004626425914466381,0.00012528841034509242,0.0900227501988411,0.00012528841034509242,0.05,67,50197,0.02977075633835292,frozen_mlp_surrogate_adjoint,150,150,150,300,3.71956729888916,3.71956729888916,0.024797115325927734
102,144.12103271484375,145.2638397216797,0.45622795820236206,0.6491389274597168,0.4976482391357422,0.202106311917305,0.699754536151886,0.7111754417419434,0.7,0.3,T070_030,0.004632257390767336,0.0001248904300155118,0.09014733880758286,0.0001248904300155118,0.05,84,50139,0.04091953568243929,frozen_mlp_surrogate_adjoint,150,150,150,300,3.71956729888916,3.71956729888916,0.024797115325927734
103,144.71865844726562,145.42442321777344,0.45954811573028564,0.652962327003479,0.49739253520965576,0.202022522687912,0.6994150876998901,0.7111549973487854,0.7,0.3,T070_030,0.004641999024897814,0.00012443456216715276,0.09035129100084305,0.00012443456216715276,0.05,139,50151,0.07610366172095526,frozen_mlp_surrogate_adjoint,150,150,150,300,3.71956729888916,3.71956729888916,0.024797115325927734
104,144.90286254882812,145.472412109375,0.46057140827178955,0.6541050672531128,0.4973878860473633,0.20196792483329773,0.6993558406829834,0.7112085819244385,0.7,0.3,T070_030,0.004644978791475296,0.00012563324708025903,0.09038691222667694,0.00012563324708025903,0.05,81,50076,0.03967606797533515,frozen_mlp_surrogate_adjoint,150,150,150,300,3.71956729888916,3.71956729888916,0.024797115325927734
105,145.08985900878906,145.5193328857422,0.4616103172302246,0.6552220582962036,0.49747228622436523,0.2018778920173645,0.6993501782417297,0.7113350629806519,0.7,0.3,T070_030,0.004647999536246061,0.00012848358892370015,0.09039031714200974,0.00012848358892370015,0.05,54,50133,0.024795770093165755,frozen_mlp_surrogate_adjoint,150,150,150,300,3.71956729888916,3.71956729888916,0.024797115325927734
106,145.47731018066406,145.62623596191406,0.4637628495693207,0.6577675342559814,0.49716848134994507,0.2018771469593048,0.6990456581115723,0.711210310459137,0.7,0.3,T070_030,0.004654348362237215,0.00012567199883051217,0.0905735194683075,0.00012567199883051217,0.05,121,50169,0.06719738824152587,frozen_mlp_surrogate_adjoint,150,150,150,300,3.71956729888916,3.71956729888916,0.024797115325927734
107,145.54840087890625,145.64117431640625,0.46415776014328003,0.658123254776001,0.49734318256378174,0.2017875760793686,0.6991307735443115,0.7113736271858215,0.7,0.3,T070_030,0.004655474331229925,0.00012935967242810875,0.09052228927612305,0.00012935967242810875,0.05,97,45,0.04837794770712316,frozen_mlp_surrogate_adjoint,150,150,150,300,3.71956729888916,3.71956729888916,0.024797115325927734
108,145.8024139404297,145.71469116210938,0.4655689597129822,0.6598736047744751,0.4969750642776489,0.20185266435146332,0.6988277435302734,0.7111552953720093,0.7,0.3,T070_030,0.004659677855670452,0.00012444121239241213,0.09070473164319992,0.00012444121239241213,0.05,76,50109,0.03813790203282505,frozen_mlp_surrogate_adjoint,150,150,150,300,3.71956729888916,3.71956729888916,0.024797115325927734
109,146.1156768798828,145.80038452148438,0.46730929613113403,0.6619141101837158,0.4968158006668091,0.20181900262832642,0.6986348032951355,0.7111237645149231,0.7,0.3,T070_030,0.004664787091314793,0.00012373807840049267,0.09082098305225372,0.00012373807840049267,0.05,91,50244,0.043382115781469666,frozen_mlp_surrogate_adjoint,150,150,150,300,3.71956729888916,3.71956729888916,0.024797115325927734
110,146.18441772460938,145.83438110351562,0.4676912724971771,0.6627235412597656,0.4961930513381958,0.20204131305217743,0.6982343792915344,0.7106396555900574,0.7,0.3,T070_030,0.004666327033191919,0.00011320284102112055,0.09106248617172241,0.00011320284102112055,0.05,141,86,0.07684588043981054,frozen_mlp_surrogate_adjoint,150,150,150,300,3.71956729888916,3.71956729888916,0.024797115325927734
111,147.0703125,146.10556030273438,0.47261279821395874,0.6691800355911255,0.49551182985305786,0.2012500762939453,0.6967619061470032,0.7111637592315674,0.7,0.3,T070_030,0.004722297191619873,0.00012463011080399156,0.091953344643116,0.00012463011080399156,0.05,85,50241,0.04115634329514376,frozen_mlp_surrogate_adjoint,150,150,150,300,3.71956729888916,3.71956729888916,0.024797115325927734
112,147.3503875732422,146.20260620117188,0.4741688370704651,0.6714906692504883,0.4945879578590393,0.20125943422317505,0.6958473920822144,0.7107707262039185,0.7,0.3,T070_030,0.004741449374705553,0.00011600879952311516,0.09250880777835846,0.00011600879952311516,0.05,147,50032,0.07898275903163354,frozen_mlp_surrogate_adjoint,150,150,150,300,3.71956729888916,3.71956729888916,0.024797115325927734
113,147.74896240234375,146.31829833984375,0.4763830900192261,0.6742453575134277,0.4942675232887268,0.20089423656463623,0.695161759853363,0.7110108137130737,0.7,0.3,T070_030,0.004767555743455887,0.00012123827764298767,0.09292635321617126,0.00012123827764298767,0.05,113,50148,0.06413465195408685,frozen_mlp_surrogate_adjoint,150,150,150,300,3.71956729888916,3.71956729888916,0.024797115325927734
114,148.94552612304688,146.6792449951172,0.4830307364463806,0.6828391551971436,0.4927627444267273,0.1999783217906952,0.6927410364151001,0.7113231420516968,0.7,0.3,T070_030,0.0048486171290278435,0.0001282134762732312,0.0944080725312233,0.0001282134762732312,0.05,70,50158,0.03606970747222598,frozen_mlp_surrogate_adjoint,150,150,150,300,3.71956729888916,3.71956729888916,0.024797115325927734
115,148.99227905273438,146.69903564453125,0.483290433883667,0.6833105087280273,0.49244415760040283,0.20004096627235413,0.6924850940704346,0.7111260294914246,0.7,0.3,T070_030,0.004852058831602335,0.00012378813698887825,0.09456541389226913,0.00012378813698887825,0.05,138,61,0.07557005190970666,frozen_mlp_surrogate_adjoint,150,150,150,300,3.71956729888916,3.71956729888916,0.024797115325927734
116,149.04800415039062,146.72271728515625,0.4835999608039856,0.683874249458313,0.4920603632926941,0.20011723041534424,0.6921775937080383,0.7108874320983887,0.7,0.3,T070_030,0.004856268875300884,0.00011853675823658705,0.09475463628768921,0.00011853675823658705,0.05,135,50001,0.07476432181127478,frozen_mlp_surrogate_adjoint,150,150,150,300,3.71956729888916,3.71956729888916,0.024797115325927734
117,149.1197509765625,146.74224853515625,0.4839986562728882,0.6843394041061401,0.49207550287246704,0.20001943409442902,0.6920949220657349,0.7109942436218262,0.7,0.3,T070_030,0.004861149936914444,0.00012087333016097546,0.09480553865432739,0.00012087333016097546,0.05,137,50120,0.0755000444799367,frozen_mlp_surrogate_adjoint,150,150,150,300,3.71956729888916,3.71956729888916,0.024797115325927734
118,149.26657104492188,146.78030395507812,0.48481428623199463,0.6852455139160156,0.4921950101852417,0.19978535175323486,0.6919803619384766,0.7112846374511719,0.7,0.3,T070_030,0.0048711481504142284,0.00012734331539832056,0.09487609565258026,0.00012734331539832056,0.05,140,50131,0.0764609016771541,frozen_mlp_surrogate_adjoint,150,150,150,300,3.71956729888916,3.71956729888916,0.024797115325927734
119,149.27975463867188,146.78831481933594,0.4848875403404236,0.6854361295700073,0.4919925928115845,0.19984634220600128,0.6918389201164246,0.7111374735832214,0.7,0.3,T070_030,0.004872206598520279,0.000124043581308797,0.09496325254440308,0.000124043581308797,0.05,131,50116,0.07348283747139288,frozen_mlp_surrogate_adjoint,150,150,150,300,3.71956729888916,3.71956729888916,0.024797115325927734
120,149.34967041015625,146.81292724609375,0.4852759838104248,0.6860220432281494,0.4917481541633606,0.19985079765319824,0.6915989518165588,0.7110307812690735,0.7,0.3,T070_030,0.004877239000052214,0.00012167872773716226,0.09511120617389679,0.00012167872773716226,0.05,149,50108,0.0799173218780044,frozen_mlp_surrogate_adjoint,150,150,150,300,3.71956729888916,3.71956729888916,0.024797115325927734
121,151.1018524169922,147.3374786376953,0.49501028656959534,0.6985112428665161,0.4892517924308777,0.19875913858413696,0.6880109310150146,0.7111104726791382,0.7,0.3,T070_030,0.00499030202627182,0.00012344319839030504,0.09733717888593674,0.00012344319839030504,0.05,101,50240,0.05444404633701534,frozen_mlp_surrogate_adjoint,150,150,150,300,3.71956729888916,3.71956729888916,0.024797115325927734
122,144.03646850585938,82.94189453125,0.4557581841945648,-0.8347169160842896,0.33413130044937134,0.15155212581157684,0.4856834411621094,0.6879610419273376,0.7,0.3,T070_030,0.01337101124227047,0.00014493550406768918,0.2645215094089508,0.00014493550406768918,0.05,103,50214,0.05523965099183818,frozen_mlp_surrogate_adjoint,150,150,150,300,3.71956729888916,3.71956729888916,0.024797115325927734
123,144.03594970703125,82.94091796875,0.4557552933692932,-0.8347399234771729,0.33414289355278015,0.15150749683380127,0.4856503903865814,0.6880317330360413,0.7,0.3,T070_030,0.013371013104915619,0.00014323877985589206,0.2645554840564728,0.00014323877985589206,0.05,57,50227,0.02719707589392329,frozen_mlp_surrogate_adjoint,150,150,150,300,3.71956729888916,3.71956729888916,0.024797115325927734
124,144.03585815429688,82.94085693359375,0.45575475692749023,-0.8347414135932922,0.3341437578201294,0.1515040397644043,0.4856477975845337,0.6880372166633606,0.7,0.3,T070_030,0.013371017761528492,0.00014310789993032813,0.26455819606781006,0.00014310789993032813,0.05,87,50176,0.04227283061891764,frozen_mlp_surrogate_adjoint,150,150,150,300,3.71956729888916,3.71956729888916,0.024797115325927734
125,144.03549194335938,82.9404067993164,0.45575273036956787,-0.8347522020339966,0.33414947986602783,0.15148195624351501,0.48563143610954285,0.6880722045898438,0.7,0.3,T070_030,0.01337102148681879,0.00014227238716557622,0.26457497477531433,0.00014227238716557622,0.05,37,50152,0.015223248278466944,frozen_mlp_surrogate_adjoint,150,150,150,300,3.71956729888916,3.71956729888916,0.024797115325927734
126,144.03555297851562,82.94073486328125,0.4557530879974365,-0.8347444534301758,0.334145724773407,0.15149620175361633,0.4856419265270233,0.6880495548248291,0.7,0.3,T070_030,0.013371022418141365,0.00014281249605119228,0.26456418633461,0.00014281249605119228,0.05,55,37,0.026474141129260033,frozen_mlp_surrogate_adjoint,150,150,150,300,3.71956729888916,3.71956729888916,0.024797115325927734
127,144.03729248046875,82.94341278076172,0.45576271414756775,-0.8346806764602661,0.33411306142807007,0.1516224443912506,0.4857355058193207,0.687849760055542,0.7,0.3,T070_030,0.013371024280786514,0.0001476276811445132,0.26446792483329773,0.0001476276811445132,0.05,63,50245,0.02846734696396056,frozen_mlp_surrogate_adjoint,150,150,150,300,3.71956729888916,3.71956729888916,0.024797115325927734
128,144.0355224609375,82.9405746459961,0.4557528495788574,-0.8347482681274414,0.334147572517395,0.15148907899856567,0.4856366515159607,0.6880608797073364,0.7,0.3,T070_030,0.013371025212109089,0.0001425426744390279,0.26456964015960693,0.0001425426744390279,0.05,61,21,0.027866383726158146,frozen_mlp_surrogate_adjoint,150,150,150,300,3.71956729888916,3.71956729888916,0.024797115325927734
129,144.03701782226562,82.943359375,0.455761194229126,-0.834682047367096,0.3341142535209656,0.15161767601966858,0.48573192954063416,0.6878572702407837,0.7,0.3,T070_030,0.013371026143431664,0.00014744524378329515,0.2644716203212738,0.00014744524378329515,0.05,56,31,0.026832517747190254,frozen_mlp_surrogate_adjoint,150,150,150,300,3.71956729888916,3.71956729888916,0.024797115325927734
130,144.03512573242188,82.94122314453125,0.4557507038116455,-0.8347328901290894,0.3341413140296936,0.15151262283325195,0.48565393686294556,0.6880235075950623,0.7,0.3,T070_030,0.013371030800044537,0.0001434364530723542,0.26455187797546387,0.0001434364530723542,0.05,59,50029,0.027446767869559296,frozen_mlp_surrogate_adjoint,150,150,150,300,3.71956729888916,3.71956729888916,0.024797115325927734
131,144.03533935546875,82.94020080566406,0.45575183629989624,-0.8347571492195129,0.3341520428657532,0.15147198736667633,0.4856240153312683,0.6880879402160645,0.7,0.3,T070_030,0.013371030800044537,0.00014189688954502344,0.26458266377449036,0.00014189688954502344,0.05,64,50012,0.028774940712001082,frozen_mlp_surrogate_adjoint,150,150,150,300,3.71956729888916,3.71956729888916,0.024797115325927734
132,144.03665161132812,82.94110107421875,0.4557592272758484,-0.834735631942749,0.33413875102996826,0.1515216827392578,0.4856604337692261,0.6880090236663818,0.7,0.3,T070_030,0.013371043838560581,0.00014378357445821166,0.264545202255249,0.00014378357445821166,0.05,69,50115,0.03521714557394609,frozen_mlp_surrogate_adjoint,150,150,150,300,3.71956729888916,3.71956729888916,0.024797115325927734
133,144.03765869140625,82.94281768798828,0.4557647705078125,-0.8346948623657227,0.3341180086135864,0.1516016721725464,0.4857196807861328,0.6878823637962341,0.7,0.3,T070_030,0.013371050357818604,0.0001468368136556819,0.2644842565059662,0.0001468368136556819,0.05,73,50087,0.037288029132449656,frozen_mlp_surrogate_adjoint,150,150,150,300,3.71956729888916,3.71956729888916,0.024797115325927734
134,144.0338134765625,82.9395751953125,0.4557434320449829,-0.8347719311714172,0.33416175842285156,0.15143322944641113,0.4855949878692627,0.688149094581604,0.7,0.3,T070_030,0.01337106991559267,0.00014044367708265781,0.2646125257015228,0.00014044367708265781,0.05,68,50030,0.031436565691388293,frozen_mlp_surrogate_adjoint,150,150,150,300,3.71956729888916,3.71956729888916,0.024797115325927734
135,144.03289794921875,82.94511413574219,0.455738365650177,-0.8346402049064636,0.3341030478477478,0.1516556739807129,0.4857587218284607,0.6877962946891785,0.7,0.3,T070_030,0.013371135108172894,0.00014893013576511294,0.2644440829753876,0.00014893013576511294,0.05,58,50090,0.027221994016618966,frozen_mlp_surrogate_adjoint,150,150,150,300,3.71956729888916,3.71956729888916,0.024797115325927734
136,144.0281524658203,82.94093322753906,0.4557119607925415,-0.8347396850585938,0.3341580033302307,0.15144124627113342,0.48559924960136414,0.6881353259086609,0.7,0.3,T070_030,0.013371176086366177,0.00014077020750846714,0.26460811495780945,0.00014077020750846714,0.05,35,50229,0.01446180000170947,frozen_mlp_surrogate_adjoint,150,150,150,300,3.71956729888916,3.71956729888916,0.024797115325927734
137,144.028076171875,82.94395446777344,0.45571157336235046,-0.8346677422523499,0.3341251015663147,0.15156640112400055,0.48569148778915405,0.6879369020462036,0.7,0.3,T070_030,0.01337118074297905,0.00014551839558407664,0.2645132541656494,0.00014551839558407664,0.05,79,50209,0.03914173934036005,frozen_mlp_surrogate_adjoint,150,150,150,300,3.71956729888916,3.71956729888916,0.024797115325927734
138,144.0213165283203,82.94503784179688,0.4556739926338196,-0.8346419334411621,0.33412641286849976,0.15155386924743652,0.4856802821159363,0.6879554986953735,0.7,0.3,T070_030,0.013371308334171772,0.00014507008017972112,0.26452475786209106,0.00014507008017972112,0.05,83,32,0.040862498323724634,frozen_mlp_surrogate_adjoint,150,150,150,300,3.71956729888916,3.71956729888916,0.024797115325927734
139,144.03890991210938,82.94937896728516,0.45577168464660645,-0.8345385789871216,0.3340446650981903,0.15188460052013397,0.4859292507171631,0.6874347925186157,0.7,0.3,T070_030,0.013371321372687817,0.0001578848750796169,0.2642687261104584,0.0001578848750796169,0.05,142,50103,0.07707782943773586,frozen_mlp_surrogate_adjoint,150,150,150,300,3.71956729888916,3.71956729888916,0.024797115325927734
140,143.7454833984375,83.00289916992188,0.4541415572166443,-0.8332642912864685,0.33403080701828003,0.15160924196243286,0.4856400489807129,0.6878156065940857,0.7,0.3,T070_030,0.013376766815781593,0.00014845914847683161,0.2645661532878876,0.00014845914847683161,0.05,96,50208,0.047366410631886416,frozen_mlp_surrogate_adjoint,150,150,150,300,3.71956729888916,3.71956729888916,0.024797115325927734
141,143.68463134765625,83.01757049560547,0.45380356907844543,-0.8329150080680847,0.33398884534835815,0.15170088410377502,0.4856897294521332,0.6876588463783264,0.7,0.3,T070_030,0.013378054834902287,0.00015230377903208137,0.2645150125026703,0.00015230377903208137,0.05,78,50194,0.038156597286692184,frozen_mlp_surrogate_adjoint,150,150,150,300,3.71956729888916,3.71956729888916,0.024797115325927734
142,143.66488647460938,83.0198745727539,0.45369386672973633,-0.8328601121902466,0.3340020775794983,0.15162837505340576,0.48563045263290405,0.6877700686454773,0.7,0.3,T070_030,0.01337837241590023,0.00014957129315007478,0.2645760178565979,0.00014957129315007478,0.05,99,50130,0.05198911138014262,frozen_mlp_surrogate_adjoint,150,150,150,300,3.71956729888916,3.71956729888916,0.024797115325927734
143,141.94125366210938,83.37396240234375,0.44411808252334595,-0.824429452419281,0.3335506319999695,0.1512371003627777,0.4847877323627472,0.6880344152450562,0.7,0.3,T070_030,0.013415360823273659,0.0001431752898497507,0.26544371247291565,0.0001431752898497507,0.05,100,71,0.05280325037072066,frozen_mlp_surrogate_adjoint,150,150,150,300,3.71956729888916,3.71956729888916,0.024797115325927734
144,141.3083038330078,83.49605560302734,0.4406016767024994,-0.8215224742889404,0.3332672715187073,0.1510990858078003,0.48436635732650757,0.6880479454994202,0.7,0.3,T070_030,0.013436753302812576,0.00014285132056102157,0.2658780515193939,0.00014285132056102157,0.05,104,50137,0.05812605101467343,frozen_mlp_surrogate_adjoint,150,150,150,300,3.71956729888916,3.71956729888916,0.024797115325927734
145,140.0048828125,83.74742126464844,0.43336039781570435,-0.8155376315116882,0.33268439769744873,0.15081238746643066,0.4834967851638794,0.688079833984375,0.7,0.3,T070_030,0.013480869121849537,0.00014208973152562976,0.26677557826042175,0.00014208973152562976,0.05,146,50233,0.0787460491881254,frozen_mlp_surrogate_adjoint,150,150,150,300,3.71956729888916,3.71956729888916,0.024797115325927734
146,139.87359619140625,83.77323913574219,0.43263113498687744,-0.8149228096008301,0.33262020349502563,0.15080401301383972,0.48342421650886536,0.6880503296852112,0.7,0.3,T070_030,0.013485322706401348,0.0001427939860150218,0.2668505609035492,0.0001427939860150218,0.05,128,50003,0.07186122954268548,frozen_mlp_surrogate_adjoint,150,150,150,300,3.71956729888916,3.71956729888916,0.024797115325927734
147,187.60079956054688,157.32118225097656,0.6977821588516235,0.9362186193466187,0.3455396294593811,0.13726340234279633,0.4828030467033386,0.715694785118103,0.7,0.3,T070_030,0.013620961457490921,0.0002463276032358408,0.2674926817417145,0.0002463276032358408,0.05,122,50099,0.06875816627934223,frozen_mlp_surrogate_adjoint,150,150,150,300,3.71956729888916,3.71956729888916,0.024797115325927734
148,187.60043334960938,157.3196258544922,0.6977801322937012,0.9361815452575684,0.3456219434738159,0.13723556697368622,0.48285752534866333,0.7157845497131348,0.7,0.3,T070_030,0.013620968908071518,0.0002491523919161409,0.26743632555007935,0.0002491523919161409,0.05,53,50247,0.023762140893299286,frozen_mlp_surrogate_adjoint,150,150,150,300,3.71956729888916,3.71956729888916,0.024797115325927734
149,147.80313110351562,81.79354858398438,0.4766840934753418,-0.8620584011077881,0.3290358781814575,0.14770729839801788,0.4767431616783142,0.6901742815971375,0.7,0.3,T070_030,0.013786430470645428,9.654450695961714e-05,0.2737977206707001,9.654450695961714e-05,0.05,143,50050,0.07811306339307131,frozen_mlp_surrogate_adjoint,150,150,150,300,3.71956729888916,3.71956729888916,0.024797115325927734
