rank_fdfd,target_top,target_bottom,target_name,rank_parameterization,x_node_px,y_node_px,x_node_norm,y_node_norm,T_top_pred,T_bottom_pred,T_total_pred,ratio_top_pred,loss_pred,T_top_fdfd,T_bottom_fdfd,T_total_fdfd,ratio_top_fdfd,reflection_proxy_fdfd,target_mse_loss_fdfd,ratio_loss_fdfd,ratio_mse_diagnostic_fdfd,total_loss_fdfd,total_power_loss_fdfd,loss_fdfd,total_power_weight,solve_time_sec,surrogate_verification_rank,fdfd_verification_top_k,is_best_fdfd,used_for_broadband,search_strategy,candidate_count,inverse_candidate_count,batch_size,batch_count,mlp_inference_time_sec,mlp_screening_time_sec,fdfd_verification_time_sec,average_inference_time_per_candidate_sec,train_dataset_fdfd_evaluations,test_dataset_fdfd_evaluations,target_fdfd_verification_evaluations,target_count,workflow_total_fdfd_evaluations,surrogate_optimization_time_sec,gradient_history_save_time_sec,candidate_csv_save_time_sec,fdfd_candidate_count,fdfd_solve_time_sum_sec,fdfd_solve_time_mean_sec,one_time_dataset_time_sec,full_pipeline_dataset_time_sec,train_dataset_generation_time_sec,parameterization_actual_run_time_sec,parameterization_full_pipeline_time_sec,one_time_training_time_sec,one_time_training_epochs,iteration_used,max_iterations,stop_reason,postprocessing_time_sec,runtime_sec,target_total_time_sec
0,0.95,0.05,T095_005,8,121.63726806640625,126.9549560546875,0.3313181400299072,0.21321332454681396,0.938099205493927,0.049313127994537354,0.9874123334884644,0.9500582218170166,7.925857971713413e-06,0.9352984320305925,0.04919217996968643,0.9844906120002789,0.9500328602730521,0.006077740803407338,1.0797975150164234e-09,1.0797975150164234e-09,1.0797975150164234e-09,0.00024054111612589364,0.00024054111612589364,1.20281356038097e-05,0.05,5.976261615753174,9,10,True,True,frozen_mlp_surrogate_adjoint,150,150,150,300,3.5831990242004395,3.5831990242004395,60.30901026725769,0.023887993494669597,50,50,10,6,160,3.5831990242004395,1.9809733757865615,0.0044572000042535365,10,60.003772258758545,6.000377225875854,0.0,599.5232646465302,1799.6040878295898,182.15837812423706,781.6816427707672,118.26616883277893,2500,300,300,max_iteration,6.470914899953641,133.2323842048645,133.2323842048645
1,0.95,0.05,T095_005,7,122.65301513671875,127.03125,0.33696117997169495,0.21502971649169922,0.9382902979850769,0.04932039976119995,0.9876106977462769,0.9500609040260315,7.678449946979526e-06,0.9345111808670521,0.05058933997406593,0.9851005208411181,0.9486455047949109,0.009477575310789048,1.834657261842818e-06,1.834657261842818e-06,1.834657261842818e-06,0.00022199447920595944,0.00022199447920595944,1.293438122214079e-05,0.05,5.995277404785156,8,10,False,False,frozen_mlp_surrogate_adjoint,150,150,150,300,3.5831990242004395,3.5831990242004395,60.30901026725769,0.023887993494669597,50,50,10,6,160,,,,,,,,,,,,,,,,,,,
2,0.95,0.05,T095_005,6,122.65541076660156,127.03118896484375,0.33697450160980225,0.21502840518951416,0.9382836222648621,0.049326568841934204,0.9876102209091187,0.9500545859336853,7.67831352277426e-06,0.9345111808670514,0.05058933997406578,0.9851005208411172,0.948645504794911,0.009477575310792533,1.8346572618426674e-06,1.8346572618426674e-06,1.8346572618426674e-06,0.00022199447920598258,0.00022199447920598258,1.2934381222141796e-05,0.05,5.985961198806763,7,10,False,False,frozen_mlp_surrogate_adjoint,150,150,150,300,3.5831990242004395,3.5831990242004395,60.30901026725769,0.023887993494669597,50,50,10,6,160,,,,,,,,,,,,,,,,,,,
3,0.95,0.05,T095_005,9,159.11709594726562,130.06903076171875,0.5395393967628479,0.2873579263687134,0.9379026293754578,0.049259454011917114,0.9871621131896973,0.9500998854637146,8.250550308730453e-06,0.933021439634423,0.04613944687003872,0.9791608865044616,0.9528785846065059,0.015763227610896324,8.286249334149974e-06,8.286249334149974e-06,8.286249334149974e-06,0.0004342686512799287,0.0004342686512799287,2.999968189814641e-05,0.05,5.9898552894592285,10,10,False,False,frozen_mlp_surrogate_adjoint,150,150,150,300,3.5831990242004395,3.5831990242004395,60.30901026725769,0.023887993494669597,50,50,10,6,160,,,,,,,,,,,,,,,,,,,
4,0.95,0.05,T095_005,0,127.56134796142578,127.43367004394531,0.3642297089099884,0.22461116313934326,0.9418759346008301,0.049492716789245605,0.9913686513900757,0.9500764012336731,3.7308452647266677e-06,0.9299985361162094,0.05727826345641558,0.9872767995726249,0.9419835820296695,0.011990866770067665,6.426295708221482e-05,6.426295708221482e-05,6.426295708221482e-05,0.00016187982911515433,0.00016187982911515433,7.235694853797254e-05,0.05,5.998628377914429,1,10,False,False,frozen_mlp_surrogate_adjoint,150,150,150,300,3.5831990242004395,3.5831990242004395,60.30901026725769,0.023887993494669597,50,50,10,6,160,,,,,,,,,,,,,,,,,,,
5,0.95,0.05,T095_005,1,127.56138610839844,127.4338150024414,0.3642299175262451,0.22461462020874023,0.9418801665306091,0.04948912560939789,0.9913693070411682,0.9500800371170044,3.7308493574528256e-06,0.9299985361161965,0.05727826345641529,0.9872767995726117,0.9419835820296691,0.011990866770066643,6.426295708222138e-05,6.426295708222138e-05,6.426295708222138e-05,0.0001618798291154905,0.0001618798291154905,7.235694853799591e-05,0.05,5.984378814697266,2,10,False,False,frozen_mlp_surrogate_adjoint,150,150,150,300,3.5831990242004395,3.5831990242004395,60.30901026725769,0.023887993494669597,50,50,10,6,160,,,,,,,,,,,,,,,,,,,
6,0.95,0.05,T095_005,2,127.56059265136719,127.43355560302734,0.36422550678253174,0.22460854053497314,0.9418742060661316,0.04949416220188141,0.9913683533668518,0.9500749111175537,3.7308784612832824e-06,0.9299985361162018,0.05727826345641632,0.987276799572618,0.9419835820296685,0.01199086677006726,6.426295708223211e-05,6.426295708223211e-05,6.426295708223211e-05,0.00016187982911533233,0.00016187982911533233,7.235694853799873e-05,0.05,6.046213626861572,3,10,False,False,frozen_mlp_surrogate_adjoint,150,150,150,300,3.5831990242004395,3.5831990242004395,60.30901026725769,0.023887993494669597,50,50,10,6,160,,,,,,,,,,,,,,,,,,,
7,0.95,0.05,T095_005,4,127.563232421875,127.43523406982422,0.3642401695251465,0.2246483564376831,0.9419181942939758,0.04945603013038635,0.9913742542266846,0.9501136541366577,3.7330942177504767e-06,0.9299985361161969,0.057278263456415894,0.9872767995726128,0.9419835820296685,0.011990866770067254,6.426295708223028e-05,6.426295708223028e-05,6.426295708223028e-05,0.00016187982911546793,0.00016187982911546793,7.235694853800369e-05,0.05,6.015039443969727,5,10,False,False,frozen_mlp_surrogate_adjoint,150,150,150,300,3.5831990242004395,3.5831990242004395,60.30901026725769,0.023887993494669597,50,50,10,6,160,,,,,,,,,,,,,,,,,,,
8,0.95,0.05,T095_005,3,127.5616683959961,127.43403625488281,0.36423149704933167,0.22461986541748047,0.9418860077857971,0.049483999609947205,0.9913700222969055,0.9500852227210999,3.731091055669822e-06,0.9299985361161922,0.05727826345641547,0.9872767995726077,0.9419835820296686,0.011990866770064694,6.426295708222923e-05,6.426295708222923e-05,6.426295708222923e-05,0.00016187982911559505,0.00016187982911559505,7.235694853800899e-05,0.05,6.007702112197876,4,10,False,False,frozen_mlp_surrogate_adjoint,150,150,150,300,3.5831990242004395,3.5831990242004395,60.30901026725769,0.023887993494669597,50,50,10,6,160,,,,,,,,,,,,,,,,,,,
9,0.95,0.05,T095_005,5,129.15988159179688,127.469482421875,0.37311047315597534,0.2254638671875,0.9402557015419006,0.04941846430301666,0.9896741509437561,0.9500659108161926,5.335503828973742e-06,0.9278326011643395,0.05988733806992345,0.9877199392342629,0.9393680984952562,0.013720848955831314,0.00011303732961603284,0.00011303732961603284,0.00011303732961603284,0.00015079989241019483,0.00015079989241019483,0.00012057732423654258,0.05,6.0044543743133545,6,10,False,False,frozen_mlp_surrogate_adjoint,150,150,150,300,3.5831990242004395,3.5831990242004395,60.30901026725769,0.023887993494669597,50,50,10,6,160,,,,,,,,,,,,,,,,,,,
