rank_parameterization,x_upper_px,y_upper_px,x_lower_px,y_lower_px,x_upper_norm,y_upper_norm,x_lower_norm,y_lower_norm,T_total_pred,target_name,loss_pred,target_mse_loss_pred,total_power_loss_pred,ratio_mse_diagnostic_pred,total_power_weight,initial_train_rank,initial_train_sample,initial_train_loss_fdfd,T_1_pred,target_1,T_2_pred,target_2,T_3_pred,target_3,T_4_pred,target_4,search_strategy,candidate_count,inverse_candidate_count,batch_size,batch_count,mlp_inference_time_sec,mlp_screening_time_sec,average_inference_time_per_candidate_sec,rank_fdfd,T_total_fdfd,loss_fdfd,target_mse_loss_fdfd,ratio_loss_fdfd,ratio_mse_diagnostic_fdfd,total_loss_fdfd,total_power_loss_fdfd,weighted_total_loss_fdfd,reflection_proxy_fdfd,solve_time_sec,T_1_fdfd,ratio_1_fdfd,T_2_fdfd,ratio_2_fdfd,T_3_fdfd,ratio_3_fdfd,T_4_fdfd,ratio_4_fdfd,surrogate_verification_rank,fdfd_verification_top_k,is_best_fdfd,used_for_broadband,fdfd_verification_time_sec,train_dataset_fdfd_evaluations,test_dataset_fdfd_evaluations,target_fdfd_verification_evaluations,target_count,workflow_total_fdfd_evaluations,target_label,target_i,surrogate_optimization_time_sec,gradient_history_save_time_sec,candidate_csv_save_time_sec,fdfd_candidate_count,fdfd_solve_time_sum_sec,fdfd_solve_time_mean_sec,one_time_dataset_time_sec,train_dataset_actual_run_time_sec,test_dataset_actual_run_time_sec,full_pipeline_dataset_time_sec,train_dataset_generation_time_sec,test_dataset_generation_time_sec,parameterization_actual_run_time_sec,parameterization_full_pipeline_time_sec,one_time_training_time_sec,one_time_training_epochs,iteration_used,max_iterations,stop_reason,postprocessing_time_sec,runtime_sec,target_total_time_sec
1,118.68061065673828,136.01234436035156,171.82009887695312,82.97453308105469,0.26861536502838135,0.00022872073168400675,0.6376395225524902,0.6847136616706848,0.8391251564025879,T015_035_015_035,0.0026277871802449226,0.0013337514828890562,0.025880714878439903,0.0013337514828890562,0.05,31,51084,0.010642381505004087,0.17217661440372467,0.15000000596046448,0.29645776748657227,0.3499999940395355,0.08718249201774597,0.15000000596046448,0.2833082675933838,0.3499999940395355,frozen_mlp_surrogate_adjoint,900,900,900,700,58.80854249000549,58.80854249000549,0.06534282498889499,0,0.8453162294119312,0.0038008999549885964,0.002604546510821481,0.002604546510821481,0.002604546510821481,0.0239270688833423,0.0239270688833423,0.0011963534441671152,0.042728862457561266,6.3349175453186035,0.18108361484758717,0.21421996709274496,0.3028552788322356,0.35827453477726984,0.06030433674374374,0.07133938122268893,0.30107299898836476,0.3561661169072962,2,10,True,True,0.0012319087982177734,150,50,10,9,290,T015_035_015_035,7,58.80854249000549,29.176393709960394,0.03928869997616857,10,61.59487438201904,6.1594874382019045,0.0,0.0,0.0,10969.38483953476,10969.38483953476,303.61008310317993,888.4447927474976,11857.829632282257,829.6362502574921,2500,700,700,max_iteration,6.707987600006163,156.98649859428406,156.98649859428406
3,118.70652770996094,136.01722717285156,171.81451416015625,82.96865844726562,0.26879534125328064,0.0003189097624272108,0.6376007199287415,0.6846047639846802,0.8391505479812622,T015_035_015_035,0.0026298556476831436,0.001336228335276246,0.025872545316815376,0.001336228335276246,0.05,77,51166,0.01611276680506447,0.17227678000926971,0.15000000596046448,0.2962442636489868,0.3499999940395355,0.08715023845434189,0.15000000596046448,0.2834793031215668,0.3499999940395355,frozen_mlp_surrogate_adjoint,900,900,900,700,58.80854249000549,58.80854249000549,0.06534282498889499,1,0.845711370487894,0.003807467515306206,0.002617218455470011,0.002617218455470011,0.002617218455470011,0.0238049811967239,0.0238049811967239,0.001190249059836195,0.042947006611978075,6.1038267612457275,0.1811130122177688,0.21415463778532862,0.3029928620800112,0.3582698218958715,0.06004338957900914,0.07099749592389883,0.30156210661110494,0.3565780443949011,4,10,False,False,0.0012319087982177734,150,50,10,9,290,,,,,,,,,,,,,,,,,,,,,,,,
5,118.78472900390625,136.01913452148438,171.80068969726562,82.97941589355469,0.26933836936950684,0.0003542039485182613,0.6375047564506531,0.6848040223121643,0.8390265703201294,T015_035_015_035,0.0026306305080652237,0.0013350083027034998,0.025912445038557053,0.0013350083027034998,0.05,3,50426,0.0049296312274150975,0.1722446084022522,0.15000000596046448,0.296081006526947,0.3499999940395355,0.0871313288807869,0.15000000596046448,0.2835696339607239,0.3499999940395355,frozen_mlp_surrogate_adjoint,900,900,900,700,58.80854249000549,58.80854249000549,0.06534282498889499,2,0.846093663740987,0.00380830516959051,0.0026239471525568918,0.0026239471525568918,0.0026239471525568918,0.023687160340672364,0.023687160340672364,0.0011843580170336184,0.043471282416730206,6.1379852294921875,0.18152533768001,0.21454520398769938,0.30246272919648975,0.3574813784317407,0.06015094512186578,0.0710925370317862,0.3019546517426214,0.35688088054877365,6,10,False,False,0.0012319087982177734,150,50,10,9,290,,,,,,,,,,,,,,,,,,,,,,,,
7,118.7527847290039,136.0233612060547,171.81353759765625,82.98164367675781,0.2691165506839752,0.0004325883637648076,0.6375940442085266,0.6848453283309937,0.8390134572982788,T015_035_015_035,0.0026320316828787327,0.0013361984165385365,0.02591666765511036,0.0013361984165385365,0.05,295,51643,0.02933122494078496,0.17230726778507233,0.15000000596046448,0.2960120439529419,0.3499999940395355,0.08717246353626251,0.15000000596046448,0.2835216820240021,0.3499999940395355,frozen_mlp_surrogate_adjoint,900,900,900,700,58.80854249000549,58.80854249000549,0.06534282498889499,3,0.845242640140193,0.0038106198559584893,0.002613127834419599,0.002613127834419599,0.002613127834419599,0.0239498404307778,0.0239498404307778,0.0011974920215388901,0.042833304619867126,6.174313068389893,0.18126867200259084,0.2144575573855637,0.3027882561593021,0.3582264331921083,0.060264911962310375,0.07129894908320616,0.30092080001598964,0.3560170603391217,8,10,False,False,0.0012319087982177734,150,50,10,9,290,,,,,,,,,,,,,,,,,,,,,,,,
8,118.77295684814453,136.02679443359375,171.86985778808594,82.9853515625,0.2692566514015198,0.0004962863749824464,0.637985110282898,0.6849138736724854,0.8388655185699463,T015_035_015_035,0.002633399097248912,0.001335183042101562,0.025964321568608284,0.001335183042101562,0.05,409,51679,0.03477966453647633,0.17224420607089996,0.15000000596046448,0.2960878312587738,0.3499999940395355,0.08719906210899353,0.15000000596046448,0.2833344042301178,0.3499999940395355,frozen_mlp_surrogate_adjoint,900,900,900,700,58.80854249000549,58.80854249000549,0.06534282498889499,4,0.8452277017535776,0.003812430651584739,0.0026147074363607635,0.0026147074363607635,0.0026147074363607635,0.023954464304479513,0.023954464304479513,0.0011977232152239757,0.042907892485100886,6.1285834312438965,0.18153277690900468,0.21477381365090392,0.30222423101570023,0.35756545885644947,0.060405128534162446,0.07146610127524346,0.30106556529471024,0.35619462621740305,9,10,False,False,0.0012319087982177734,150,50,10,9,290,,,,,,,,,,,,,,,,,,,,,,,,
9,118.79380798339844,136.03114318847656,171.81893920898438,82.97752380371094,0.2694014608860016,0.0005766785470768809,0.6376314759254456,0.6847689747810364,0.8389854431152344,T015_035_015_035,0.002635480836033821,0.001339196227490902,0.025925688445568085,0.001339196227490902,0.05,7,50127,0.006703517272145855,0.17242439091205597,0.15000000596046448,0.2957208752632141,0.3499999940395355,0.08714447915554047,0.15000000596046448,0.28369566798210144,0.3499999940395355,frozen_mlp_surrogate_adjoint,900,900,900,700,58.80854249000549,58.80854249000549,0.06534282498889499,5,0.8454990252688712,0.003813954674338235,0.0026204271146947904,0.0026204271146947904,0.0026204271146947904,0.023870551192868895,0.023870551192868895,0.0011935275596434449,0.043269227015016884,6.0602781772613525,0.1815978609379012,0.21478186906265506,0.3022666222159424,0.35750085237510554,0.0603144712377366,0.0713359441408657,0.301320070877291,0.3563813344213736,10,10,False,False,0.0012319087982177734,150,50,10,9,290,,,,,,,,,,,,,,,,,,,,,,,,
6,118.75065612792969,136.02037048339844,171.85299682617188,82.9733657836914,0.2691017687320709,0.0003772886993829161,0.6378680467605591,0.6846919655799866,0.8390053510665894,T015_035_015_035,0.0026312011759728193,0.0013352372916415334,0.025919277220964432,0.0013352372916415334,0.05,60,51066,0.014795490112993137,0.17222078144550323,0.15000000596046448,0.2962466776371002,0.3499999940395355,0.0871562734246254,0.15000000596046448,0.28338155150413513,0.3499999940395355,frozen_mlp_surrogate_adjoint,900,900,900,700,58.80854249000549,58.80854249000549,0.06534282498889499,6,0.8452327749223902,0.0038175020351068757,0.0026198573371956995,0.0026198573371956995,0.0026198573371956995,0.02395289395822352,0.02395289395822352,0.0011976446979111762,0.04292988941191552,6.193402051925659,0.18134884534217274,0.2145549140103143,0.3028530239734625,0.35830724145933723,0.060188633185911604,0.07120953537496007,0.30084227242084344,0.35592830915538853,7,10,False,False,0.0012319087982177734,150,50,10,9,290,,,,,,,,,,,,,,,,,,,,,,,,
4,118.72314453125,136.01889038085938,171.87991333007812,82.98602294921875,0.2689107060432434,0.00034978470648638904,0.6380550265312195,0.6849262714385986,0.838891863822937,T015_035_015_035,0.0026302943006157875,0.0013325028121471405,0.02595583163201809,0.0013325028121471405,0.05,11,50005,0.007395922220692459,0.17211823165416718,0.15000000596046448,0.2964323163032532,0.3499999940395355,0.08722615242004395,0.15000000596046448,0.2831151485443115,0.3499999940395355,frozen_mlp_surrogate_adjoint,900,900,900,700,58.80854249000549,58.80854249000549,0.06534282498889499,7,0.8456624205199048,0.0038177652648079914,0.0026267608428192563,0.0026267608428192563,0.0026267608428192563,0.0238200884397747,0.0238200884397747,0.001191004421988735,0.043663599057674495,6.152214527130127,0.18150683034826334,0.21463272571184464,0.30287401046394197,0.35815001721104983,0.060123611533472954,0.07109646837151586,0.3011579681742265,0.35612078870558966,5,10,False,False,0.0012319087982177734,150,50,10,9,290,,,,,,,,,,,,,,,,,,,,,,,,
2,118.63314819335938,136.01242065429688,171.611328125,82.9580307006836,0.2682857811450958,0.00023006451374385506,0.6361897587776184,0.6844080090522766,0.8396595120429993,T015_035_015_035,0.002627952490001917,0.0013424988137558103,0.02570907212793827,0.0013424988137558103,0.05,0,50030,0.0042714390618859765,0.1726268231868744,0.15000000596046448,0.295711487531662,0.3499999940395355,0.08707821369171143,0.15000000596046448,0.28424298763275146,0.3499999940395355,frozen_mlp_surrogate_adjoint,900,900,900,700,58.80854249000549,58.80854249000549,0.06534282498889499,8,0.8479741555789246,0.0038678185166906207,0.00271222564809357,0.00271222564809357,0.00271222564809357,0.023111857371941012,0.023111857371941012,0.0011555928685970506,0.04404257490632291,6.133275508880615,0.1818765734992992,0.21448362818926872,0.30398850583481896,0.35848793720285194,0.05854231238991867,0.06903784980327726,0.30356676385488784,0.357990584804602,3,10,False,False,0.0012319087982177734,150,50,10,9,290,,,,,,,,,,,,,,,,,,,,,,,,
0,118.63787841796875,136.00387573242188,171.74411010742188,82.95761108398438,0.26831862330436707,7.180622196756303e-05,0.6371118426322937,0.6844002604484558,0.8394306302070618,T015_035_015_035,0.002624622080475092,0.0013354959664866328,0.025782521814107895,0.0013354959664866328,0.05,15,51177,0.008255750148109697,0.1722492277622223,0.15000000596046448,0.2964871823787689,0.3499999940395355,0.08711163699626923,0.15000000596046448,0.28358256816864014,0.3499999940395355,frozen_mlp_surrogate_adjoint,900,900,900,700,58.80854249000549,58.80854249000549,0.06534282498889499,9,0.846953053486728,0.003880207147331398,0.002709038755479581,0.002709038755479581,0.002709038755479581,0.02342336783703634,0.02342336783703634,0.001171168391851817,0.044177524550972104,6.1760780811309814,0.18170030881381263,0.2145340973337195,0.30424183580136865,0.35921924426491986,0.0585695687174937,0.06915326472509317,0.302441340154053,0.35709339367626747,1,10,False,False,0.0012319087982177734,150,50,10,9,290,,,,,,,,,,,,,,,,,,,,,,,,
