structure,target_label,balanced_target,n_starts,fdfd_verification_policy,fdfd_verification_top_k,fdfd_candidates_verified,selected_start_id,selected_iteration,selected_parameter,best_by_surrogate_start_id,best_by_surrogate_iteration,best_by_surrogate_parameter,best_by_surrogate_verified_fdfd_loss,best_by_surrogate_differs_from_best_by_fdfd,parameterization_surrogate_loss,parameterization_verified_fdfd_loss,parameterization_ratio_error,parameterization_total_transmission,topology_binary_fdfd_loss,topology_ratio_error,topology_total_transmission,absolute_objective_gap,relative_objective_gap,absolute_ratio_error_gap,total_transmission_gap,dataset_generation_time_sec,surrogate_training_time_sec,parameterization_optimization_time_sec,parameterization_fdfd_verification_time_sec,parameterization_design_time_sec,parameterization_total_analysis_time_sec,topology_optimization_time_sec,topology_reference_available,data_stage,training_samples,initial_training_samples,new_fdfd_training_samples_generated,training_subset_policy,training_sample_increment,minimum_training_samples_before_stop,inverse_start_policy,inverse_start_fraction,inverse_start_count,independent_test_set_reused,surrogate_retrained_from_scratch,surrogate_gradient_iterations_per_stage,stage_mean_verified_fdfd_loss,previous_stage_mean_verified_fdfd_loss,stage_mean_verified_fdfd_loss_change,previous_target_verified_fdfd_loss,target_verified_fdfd_loss_change,target_loss_converged,data_loss_tolerance,data_loss_patience,topology_reference_loss,topology_relative_loss_tolerance,topology_loss_goal,topology_target_reached,data_converged,data_stop_reason
1x2,T050_050,"[0.5, 0.5]",25,fixed_top_k_by_surrogate_loss,10,10,23,24,"[113.89279738707572, 117.89127504825592]",0,208,"[115.20994715631336, 117.87564134597778]",0.00015189525350339548,True,0.00015285085828509182,0.00014418887888396038,9.371091954020316e-07,0.9464739746126133,0.0019434124422461657,0.0009061008517558037,0.8559644772640886,-0.0017992235633622054,-0.9258063415929821,-0.0009051637425604016,0.09050949734852465,299.8193144798279,24.30868148803711,1.009481430053711,59.99317455291748,325.1374773979187,385.1306519508362,3632.088174299919,True,1,50,50,0,nested_fixed_order_prefix,100,50,training_fraction,0.5,25,True,True,300,0.0002738394438747696,,,,,False,5e-05,2,0.0019434124422461657,0.15,0.0022349243085830906,True,False,
1x2,T060_040,"[0.6, 0.4]",25,fixed_top_k_by_surrogate_loss,10,10,14,300,"[114.1481406898416, 119.28804683685303]",1,300,"[115.28306655388687, 119.25951814651489]",0.00031023237295126776,True,0.00013020524056628346,0.0003005220928364382,0.00016351476420664696,0.9476535906427592,0.0002941059960432044,8.698889808234912e-07,0.9234185261225171,6.416096793233775e-06,0.021815593287976505,0.00016264487522582347,0.024235064520242156,299.8193144798279,24.30868148803711,1.1209101676940918,60.41413950920105,325.2489061355591,385.66304564476013,3663.8408833002904,True,1,50,50,0,nested_fixed_order_prefix,100,50,training_fraction,0.5,25,True,True,300,0.0002738394438747696,,,,,False,5e-05,2,0.0002941059960432044,0.15,0.00033822189544968504,True,False,
1x2,T070_030,"[0.7, 0.3]",25,fixed_top_k_by_surrogate_loss,10,10,15,300,"[134.0364199855078, 120.9056305885315]",8,197,"[114.78418881987413, 120.66232562065125]",0.00036791390735252725,True,0.00020547049643937498,0.0002194081896731722,1.5159432253872331e-06,0.9339860247450913,0.004191742683761747,0.0031905775353662266,0.8584962793142512,-0.003972334494088575,-0.9476570471457778,-0.0031890615921408394,0.07548974543084008,299.8193144798279,24.30868148803711,0.9686422348022461,59.987937450408936,325.09663820266724,385.0845756530762,3586.4768534998875,True,1,50,50,0,nested_fixed_order_prefix,100,50,training_fraction,0.5,25,True,True,300,0.0002738394438747696,,,,,False,5e-05,2,0.004191742683761747,0.15,0.004820504086326009,True,False,
1x2,T080_020,"[0.8, 0.2]",25,fixed_top_k_by_surrogate_loss,10,10,23,300,"[132.21650432249885, 122.50669693946838]",16,300,"[121.9851894387491, 122.0710461139679]",0.000965095087369352,True,0.00012427846377249807,0.00012473849254326816,6.770996398812555e-06,0.951426860067635,0.004442615820960689,0.004294906467472539,0.9456475661100351,-0.00431787732841742,-0.971922286875507,-0.004288135471073726,0.005779293957599907,299.8193144798279,24.30868148803711,0.9593844413757324,60.07677221298218,325.0873804092407,385.1641526222229,3526.663066699344,True,1,50,50,0,nested_fixed_order_prefix,100,50,training_fraction,0.5,25,True,True,300,0.0002738394438747696,,,,,False,5e-05,2,0.004442615820960689,0.15,0.005109008194104792,True,False,
1x2,T090_010,"[0.9, 0.1]",25,fixed_top_k_by_surrogate_loss,10,10,2,249,"[139.9017455636415, 136.9080629348755]",11,291,"[131.71141220859224, 126.58659505844116]",0.0011037469660198707,True,0.0002981866418849677,0.0007045740340296957,0.0001116493187926801,0.8911032860700548,0.0016850254735200003,0.001481987767621211,0.9362759533772705,-0.0009804514394903046,-0.581861494023679,-0.001370338448828531,-0.0451726673072157,299.8193144798279,24.30868148803711,0.9813082218170166,59.86450457572937,325.109304189682,384.9738087654114,2955.107429500262,True,1,50,50,0,nested_fixed_order_prefix,100,50,training_fraction,0.5,25,True,True,300,0.0002738394438747696,,,,,False,5e-05,2,0.0016850254735200003,0.15,0.001937779294548,True,False,
1x2,T095_005,"[0.95, 0.05]",25,fixed_top_k_by_surrogate_loss,10,10,16,300,"[132.79254264876, 133.03709816932678]",3,299,"[146.3253520533233, 133.32254028320312]",0.00041018410469195293,True,0.00011069542961195111,0.00014960497528208254,2.8951054973725463e-05,0.9508769055721533,0.0007603397399280482,0.0007037210355331289,0.9663492334723505,-0.0006107347646459656,-0.8032393055027746,-0.0006747699805594034,-0.015472327900197147,299.8193144798279,24.30868148803711,0.9981331825256348,59.98256731033325,325.1261291503906,385.1086964607239,3316.6287102004862,True,1,50,50,0,nested_fixed_order_prefix,100,50,training_fraction,0.5,25,True,True,300,0.0002738394438747696,,,,,False,5e-05,2,0.0007603397399280482,0.15,0.0008743907009172553,True,False,
1x2,T050_050,"[0.5, 0.5]",75,fixed_top_k_by_surrogate_loss,10,10,64,300,"[114.23791064394067, 117.93245089054108]",64,300,"[114.23791064394067, 117.93245089054108]",0.00014708517283261045,False,0.00014586206816602498,0.00014708517283261045,3.845350332876058e-06,0.9464762066927737,0.0019434124422461657,0.0009061008517558037,0.8559644772640886,-0.0017963272694135552,-0.9243160280158483,-0.0009022555014229276,0.09051172942868502,898.927784204483,60.68365287780762,2.0200278759002686,60.17914295196533,961.6314649581909,1021.8106079101562,3632.088174299919,True,2,150,50,100,nested_fixed_order_prefix,100,50,training_fraction,0.5,75,True,True,300,0.00018022925424114437,0.0002738394438747696,9.36101896336252e-05,0.00014418887888396038,2.896293948650069e-06,True,5e-05,2,0.0019434124422461657,0.15,0.0022349243085830906,True,False,
1x2,T060_040,"[0.6, 0.4]",75,fixed_top_k_by_surrogate_loss,10,10,41,300,"[114.53869935639517, 119.22539186477661]",41,300,"[114.53869935639517, 119.22539186477661]",0.0002852183884557972,False,0.00014308410754892975,0.0002852183884557972,0.00014799942108782921,0.9476131758229289,0.0002941059960432044,8.698889808234912e-07,0.9234185261225171,-8.88760758740721e-06,-0.03021906287861473,0.00014712953210700572,0.024194649700411852,898.927784204483,60.68365287780762,2.1011128425598145,60.359702348709106,961.7125499248505,1022.0722522735596,3663.8408833002904,True,2,150,50,100,nested_fixed_order_prefix,100,50,training_fraction,0.5,75,True,True,300,0.00018022925424114437,0.0002738394438747696,9.36101896336252e-05,0.0003005220928364382,1.5303704380640985e-05,True,5e-05,2,0.0002941059960432044,0.15,0.00033822189544968504,True,False,
1x2,T070_030,"[0.7, 0.3]",75,fixed_top_k_by_surrogate_loss,10,10,0,300,"[121.02429169271649, 120.54641342163086]",49,300,"[117.57246532604317, 120.57793617248535]",0.00022039137769866443,True,0.00011958910909015685,0.00015097979103209357,1.075932156003456e-05,0.9470433253551436,0.004191742683761747,0.0031905775353662266,0.8584962793142512,-0.004040762892729653,-0.9639816175699502,-0.003179818213806192,0.08854704604089236,898.927784204483,60.68365287780762,2.2105751037597656,60.224897623062134,961.8220121860504,1022.0469098091125,3586.4768534998875,True,2,150,50,100,nested_fixed_order_prefix,100,50,training_fraction,0.5,75,True,True,300,0.00018022925424114437,0.0002738394438747696,9.36101896336252e-05,0.0002194081896731722,6.842839864107863e-05,False,5e-05,2,0.004191742683761747,0.15,0.004820504086326009,True,False,
1x2,T080_020,"[0.8, 0.2]",75,fixed_top_k_by_surrogate_loss,10,10,22,300,"[117.70177282680447, 122.40579509735107]",42,289,"[120.74803312134557, 122.38151216506958]",0.0007477924093177844,True,6.614867015741765e-05,0.0004496695883435427,0.00037868339300040424,0.9623207761908135,0.004442615820960689,0.004294906467472539,0.9456475661100351,-0.003992946232617146,-0.8987826977471339,-0.003916223074472135,0.016673210080778378,898.927784204483,60.68365287780762,2.076854705810547,59.86049222946167,961.6882917881012,1021.5487840175629,3526.663066699344,True,2,150,50,100,nested_fixed_order_prefix,100,50,training_fraction,0.5,75,True,True,300,0.00018022925424114437,0.0002738394438747696,9.36101896336252e-05,0.00012473849254326816,0.00032493109580027454,False,5e-05,2,0.004442615820960689,0.15,0.005109008194104792,True,False,
1x2,T090_010,"[0.9, 0.1]",75,fixed_top_k_by_surrogate_loss,10,10,0,300,"[121.38244286880249, 125.25909471511841]",19,230,"[119.47285321516685, 125.06348443031311]",6.854564318521668e-05,True,1.895886452984996e-05,3.786791310300245e-05,1.6777616420495003e-05,0.9794620854600534,0.0016850254735200003,0.001481987767621211,0.9362759533772705,-0.0016471575604169978,-0.9775268008121581,-0.001465210151200716,0.04318613208278288,898.927784204483,60.68365287780762,2.0962202548980713,60.00752019882202,961.7076573371887,1021.7151775360107,2955.107429500262,True,2,150,50,100,nested_fixed_order_prefix,100,50,training_fraction,0.5,75,True,True,300,0.00018022925424114437,0.0002738394438747696,9.36101896336252e-05,0.0007045740340296957,0.0006667061209266933,False,5e-05,2,0.0016850254735200003,0.15,0.001937779294548,True,False,
1x2,T095_005,"[0.95, 0.05]",75,fixed_top_k_by_surrogate_loss,10,10,44,300,"[121.01471978338253, 127.3466408252716]",10,257,"[118.62495990842831, 127.17494297027588]",4.1232928092566416e-05,True,7.045235179248266e-06,1.0554671679819987e-05,1.969053554131459e-06,0.986896093616262,0.0007603397399280482,0.0007037210355331289,0.9663492334723505,-0.0007497850682482281,-0.9861184795091483,-0.0007017519819789974,0.020546860143911494,898.927784204483,60.68365287780762,2.1088528633117676,59.97878670692444,961.7202899456024,1021.6990766525269,3316.6287102004862,True,2,150,50,100,nested_fixed_order_prefix,100,50,training_fraction,0.5,75,True,True,300,0.00018022925424114437,0.0002738394438747696,9.36101896336252e-05,0.00014960497528208254,0.00013905030360226254,False,5e-05,2,0.0007603397399280482,0.15,0.0008743907009172553,True,False,
1x2,T050_050,"[0.5, 0.5]",125,fixed_top_k_by_surrogate_loss,10,10,108,300,"[116.38156668057653, 117.74881935119629]",4,300,"[115.54101428145098, 117.78119826316833]",0.00017091116886221996,True,0.00014390631986316293,0.00016901591428314434,2.018451741110371e-05,0.9454415181897369,0.0019434124422461657,0.0009061008517558037,0.8559644772640886,-0.0017743965279630213,-0.9130313717206634,-0.0008859163343447,0.08947704092564823,1499.2001025676727,94.49214768409729,2.8965981006622314,60.37316703796387,1596.5888483524323,1656.9620153903961,3632.088174299919,True,3,250,50,200,nested_fixed_order_prefix,100,50,training_fraction,0.5,125,True,True,300,0.00050508570417551,0.00018022925424114437,0.0003248564499343656,0.00014708517283261045,2.1930741450533893e-05,True,5e-05,2,0.0019434124422461657,0.15,0.0022349243085830906,True,False,
1x2,T060_040,"[0.6, 0.4]",125,fixed_top_k_by_surrogate_loss,10,10,10,300,"[115.72538007942569, 119.0243592262268]",10,300,"[115.72538007942569, 119.0243592262268]",0.00038848603263798753,False,0.0001414238940924406,0.00038848603263798753,0.00024062366168502302,0.9456194205707654,0.0002941059960432044,8.698889808234912e-07,0.9234185261225171,9.438003659478311e-05,0.32090483657095725,0.00023975377270419953,0.022200894448248354,1499.2001025676727,94.49214768409729,3.001077651977539,60.3675274848938,1596.6933279037476,1657.0608553886414,3663.8408833002904,True,3,250,50,200,nested_fixed_order_prefix,100,50,training_fraction,0.5,125,True,True,300,0.00050508570417551,0.00018022925424114437,0.0003248564499343656,0.0002852183884557972,0.00010326764418219032,False,5e-05,2,0.0002941059960432044,0.15,0.00033822189544968504,False,False,
1x2,T070_030,"[0.7, 0.3]",125,fixed_top_k_by_surrogate_loss,10,10,28,300,"[118.86079163188995, 120.37197184562683]",32,294,"[118.07384526289444, 120.36868739128113]",0.0022890455379769477,True,0.00011248089140281081,0.00209200522456393,0.0019546062162363823,0.9475788194853363,0.004191742683761747,0.0031905775353662266,0.8584962793142512,-0.002099737459197817,-0.5009223174246645,-0.0012359713191298443,0.08908254017108508,1499.2001025676727,94.49214768409729,2.9416298866271973,60.137765884399414,1596.6338801383972,1656.7716460227966,3586.4768534998875,True,3,250,50,200,nested_fixed_order_prefix,100,50,training_fraction,0.5,125,True,True,300,0.00050508570417551,0.00018022925424114437,0.0003248564499343656,0.00015097979103209357,0.0019410254335318364,False,5e-05,2,0.004191742683761747,0.15,0.004820504086326009,True,False,
1x2,T080_020,"[0.8, 0.2]",125,fixed_top_k_by_surrogate_loss,10,10,80,300,"[113.5946947577779, 122.24587821960449]",1,265,"[115.61302860897622, 122.3004322052002]",0.00046369151012184,True,7.526553963543847e-05,0.00029505344953353007,0.00022730701047362815,0.9631906427494579,0.004442615820960689,0.004294906467472539,0.9456475661100351,-0.004147562371427159,-0.9335856483152472,-0.004067599456998911,0.017543076639422783,1499.2001025676727,94.49214768409729,2.9562108516693115,60.35401654243469,1596.6484611034393,1657.002477645874,3526.663066699344,True,3,250,50,200,nested_fixed_order_prefix,100,50,training_fraction,0.5,125,True,True,300,0.00050508570417551,0.00018022925424114437,0.0003248564499343656,0.0004496695883435427,0.00015461613881001264,False,5e-05,2,0.004442615820960689,0.15,0.005109008194104792,True,False,
1x2,T090_010,"[0.9, 0.1]",125,fixed_top_k_by_surrogate_loss,10,10,41,300,"[120.4920085375305, 124.99233293533325]",1,228,"[117.58828380177727, 124.64392042160034]",4.746283819690708e-05,True,2.7184023565496318e-05,4.067409609260358e-05,1.694206529291568e-05,0.9782137516769464,0.0016850254735200003,0.001481987767621211,0.9362759533772705,-0.0016443513774273967,-0.9758614354905651,-0.0014650457023282955,0.04193779829967581,1499.2001025676727,94.49214768409729,3.034686326980591,60.293752670288086,1596.7269365787506,1657.0206892490387,2955.107429500262,True,3,250,50,200,nested_fixed_order_prefix,100,50,training_fraction,0.5,125,True,True,300,0.00050508570417551,0.00018022925424114437,0.0003248564499343656,3.786791310300245e-05,2.806182989601126e-06,True,5e-05,2,0.0016850254735200003,0.15,0.001937779294548,True,False,
1x2,T095_005,"[0.95, 0.05]",125,fixed_top_k_by_surrogate_loss,10,10,90,300,"[137.38584557856055, 127.70419573783875]",59,291,"[137.43398705518328, 127.70756530761719]",5.507960183362598e-05,True,3.311226237201481e-06,4.527950794186396e-05,3.553258029790731e-05,0.9860379602894443,0.0007603397399280482,0.0007037210355331289,0.9663492334723505,-0.0007150602319861842,-0.9404483212384127,-0.0006681884552352216,0.019688726817093882,1499.2001025676727,94.49214768409729,3.019864320755005,60.64863729476929,1596.712114572525,1657.3607518672943,3316.6287102004862,True,3,250,50,200,nested_fixed_order_prefix,100,50,training_fraction,0.5,125,True,True,300,0.00050508570417551,0.00018022925424114437,0.0003248564499343656,1.0554671679819987e-05,3.4724836262043976e-05,True,5e-05,2,0.0007603397399280482,0.15,0.0008743907009172553,True,False,
1x2,T050_050,"[0.5, 0.5]",150,fixed_top_k_by_surrogate_loss,10,10,129,300,"[114.04413103794283, 117.88198244571686]",0,300,"[113.82729948596375, 117.88883423805237]",0.00015044286349938458,True,8.552091458113864e-05,0.0001464988540551894,2.806024675072495e-06,0.9463916369621088,0.0019434124422461657,0.0009061008517558037,0.8559644772640886,-0.0017969135881909764,-0.9246177235101632,-0.0009032948270807312,0.09042715969802018,1799.6040878295898,118.26616883277893,3.5520176887512207,60.54059338569641,1921.42227435112,1981.9628677368164,3632.088174299919,True,4,300,50,250,nested_fixed_order_prefix,100,50,training_fraction,0.5,150,True,True,300,0.0001674088541279173,0.00050508570417551,0.0003376768500475926,0.00016901591428314434,2.251706022795495e-05,True,5e-05,2,0.0019434124422461657,0.15,0.0022349243085830906,True,False,max_training_samples
1x2,T060_040,"[0.6, 0.4]",150,fixed_top_k_by_surrogate_loss,10,10,12,300,"[115.07532083539256, 119.35748600959778]",79,247,"[114.73459328802878, 119.37186551094055]",0.00029763223059328707,True,7.946536788949743e-05,0.00025759558902473654,0.00011602931061611575,0.946789798269764,0.0002941059960432044,8.698889808234912e-07,0.9234185261225171,-3.651040701846788e-05,-0.12414030148880226,0.00011515942163529226,0.02337127214724688,1799.6040878295898,118.26616883277893,3.6343367099761963,63.395652770996094,1921.504593372345,1984.900246143341,3663.8408833002904,True,4,300,50,250,nested_fixed_order_prefix,100,50,training_fraction,0.5,150,True,True,300,0.0001674088541279173,0.00050508570417551,0.0003376768500475926,0.00038848603263798753,0.000130890443613251,False,5e-05,2,0.0002941059960432044,0.15,0.00033822189544968504,True,False,max_training_samples
1x2,T070_030,"[0.7, 0.3]",150,fixed_top_k_by_surrogate_loss,10,10,93,300,"[120.70442994210552, 120.6565477848053]",11,274,"[121.18510918706016, 120.6506597995758]",0.00023228162357367054,True,5.8307898143539205e-05,0.00018427197049215272,5.139253353736341e-05,0.9484481936388667,0.004191742683761747,0.0031905775353662266,0.8584962793142512,-0.004007470713269594,-0.9560392933454628,-0.003139185001828863,0.08995191432461547,1799.6040878295898,118.26616883277893,3.71956729888916,60.367448568344116,1921.589823961258,1981.957272529602,3586.4768534998875,True,4,300,50,250,nested_fixed_order_prefix,100,50,training_fraction,0.5,150,True,True,300,0.0001674088541279173,0.00050508570417551,0.0003376768500475926,0.00209200522456393,0.0019077332540717773,False,5e-05,2,0.004191742683761747,0.15,0.004820504086326009,True,False,max_training_samples
1x2,T080_020,"[0.8, 0.2]",150,fixed_top_k_by_surrogate_loss,10,10,73,300,"[123.17517047076412, 122.87425541877747]",39,293,"[120.2436747405724, 122.75736689567566]",0.0004816809953022734,True,3.4796816180460155e-05,0.000379656639203812,0.00030769139939785807,0.9620618292992522,0.004442615820960689,0.004294906467472539,0.9456475661100351,-0.004062959181756877,-0.9145420953545982,-0.003987215068074681,0.016414263189217126,1799.6040878295898,118.26616883277893,3.5909295082092285,60.378947496414185,1921.461186170578,1981.8401336669922,3526.663066699344,True,4,300,50,250,nested_fixed_order_prefix,100,50,training_fraction,0.5,150,True,True,300,0.0001674088541279173,0.00050508570417551,0.0003376768500475926,0.00029505344953353007,8.460318967028191e-05,False,5e-05,2,0.004442615820960689,0.15,0.005109008194104792,True,False,max_training_samples
1x2,T090_010,"[0.9, 0.1]",150,fixed_top_k_by_surrogate_loss,10,10,29,291,"[121.08315902452725, 125.09997391700745]",89,296,"[126.76986677826254, 125.63681197166443]",0.0003251118838070981,True,1.4733519492438063e-05,2.4401936387795142e-05,2.0802995806739943e-06,0.9788710450768993,0.0016850254735200003,0.001481987767621211,0.9362759533772705,-0.0016606235371322052,-0.985518357573064,-0.001479907468040537,0.04259509169962872,1799.6040878295898,118.26616883277893,3.6508541107177734,60.22148513793945,1921.5211107730865,1981.742595911026,2955.107429500262,True,4,300,50,250,nested_fixed_order_prefix,100,50,training_fraction,0.5,150,True,True,300,0.0001674088541279173,0.00050508570417551,0.0003376768500475926,4.067409609260358e-05,1.6272159704808436e-05,True,5e-05,2,0.0016850254735200003,0.15,0.001937779294548,True,False,max_training_samples
1x2,T095_005,"[0.95, 0.05]",150,fixed_top_k_by_surrogate_loss,10,10,20,300,"[121.6372658230505, 126.95495963096619]",0,231,"[127.56134608022305, 127.43366885185242]",7.235694853798965e-05,True,7.925857971713413e-06,1.202813560381795e-05,1.0797975150025148e-09,0.9844906120002735,0.0007603397399280482,0.0007037210355331289,0.9663492334723505,-0.0007483116043242302,-0.9841805774811189,-0.0007037199557356139,0.01814137852792308,1799.6040878295898,118.26616883277893,3.5831990242004395,60.35249996185303,1921.4534556865692,1981.8059556484222,3316.6287102004862,True,4,300,50,250,nested_fixed_order_prefix,100,50,training_fraction,0.5,150,True,True,300,0.0001674088541279173,0.00050508570417551,0.0003376768500475926,4.527950794186396e-05,3.325137233804601e-05,True,5e-05,2,0.0007603397399280482,0.15,0.0008743907009172553,True,False,max_training_samples
